timestamp,commit,branch,benchmark,estimate_ns,regime,floor_ns
2026-07-06T20:04:21Z,e998a0b,main,ray/fresnel_unpolarized,1444.0000
2026-07-06T20:04:21Z,e998a0b,main,ray/fiber_na,1328.0000
2026-07-06T20:04:21Z,e998a0b,main,ray/v_number,1333.0000
2026-07-06T20:04:21Z,e998a0b,main,ray/sellmeier_n_at,1427.0000
2026-07-06T20:04:21Z,e998a0b,main,spectral/wavelength_to_rgb,1459.0000
2026-07-06T20:04:21Z,e998a0b,main,spectral/planck_radiance,1428.0000
2026-07-06T20:04:21Z,e998a0b,main,spectral/spd_at,1418.0000
2026-07-06T20:04:21Z,e998a0b,main,wave/single_slit_intensity,1440.0000
2026-07-06T20:04:21Z,e998a0b,main,wave/malus_law,1415.0000
2026-07-06T20:04:21Z,e998a0b,main,wave/bessel_j1,1440.0000
2026-07-06T20:04:21Z,e998a0b,main,wave/airy_pattern,1588.0000
2026-07-06T20:04:21Z,e998a0b,main,wave/fresnel_integral_c,1466.0000
2026-07-06T20:04:21Z,e998a0b,main,wave/coating_reflectance,1423.0000
2026-07-06T20:04:21Z,e998a0b,main,wave/zernike_poly,1439.0000
2026-07-06T20:04:21Z,e998a0b,main,wave/diffraction_pattern_2d_8x8,15482.0000
2026-07-06T20:04:21Z,e998a0b,main,pbr/fresnel_schlick,1336.0000
2026-07-06T20:04:21Z,e998a0b,main,pbr/distribution_ggx,1342.0000
2026-07-06T20:04:21Z,e998a0b,main,pbr/cook_torrance,1438.0000
2026-07-06T20:04:21Z,e998a0b,main,pbr/iridescence_fresnel,1461.0000
2026-07-06T20:04:21Z,e998a0b,main,pbr/henyey_greenstein,1344.0000
2026-07-06T20:04:21Z,e998a0b,main,lens/mtf_diffraction_limited,1435.0000
2026-07-06T20:04:21Z,e998a0b,main,lens/seidel_coefficients,1460.0000
2026-07-06T20:04:21Z,e998a0b,main,atmosphere/rayleigh_cross_section,1329.0000
2026-07-06T20:04:21Z,e998a0b,main,atmosphere/mie_phase_cornette_shanks,1359.0000
2026-07-06T20:04:21Z,e998a0b,main,atmosphere/sky_color_rgb,2277.0000
2026-07-06T20:04:21Z,e998a0b,main,bridge/stellar_temperature_to_rgb,1447.0000
2026-07-06T20:04:21Z,e998a0b,main,serialize/rgb_to_json,2865.0000
2026-07-06T20:23:39Z,b5a8c87,main,ray/fresnel_unpolarized,1443.0000
2026-07-06T20:23:39Z,b5a8c87,main,ray/fiber_na,1329.0000
2026-07-06T20:23:39Z,b5a8c87,main,ray/v_number,1331.0000
2026-07-06T20:23:39Z,b5a8c87,main,ray/sellmeier_n_at,1404.0000
2026-07-06T20:23:39Z,b5a8c87,main,spectral/wavelength_to_rgb,1459.0000
2026-07-06T20:23:39Z,b5a8c87,main,spectral/planck_radiance,1447.0000
2026-07-06T20:23:39Z,b5a8c87,main,spectral/spd_at,1399.0000
2026-07-06T20:23:39Z,b5a8c87,main,wave/single_slit_intensity,1453.0000
2026-07-06T20:23:39Z,b5a8c87,main,wave/malus_law,1416.0000
2026-07-06T20:23:39Z,b5a8c87,main,wave/bessel_j1,1421.0000
2026-07-06T20:23:39Z,b5a8c87,main,wave/airy_pattern,1561.0000
2026-07-06T20:23:39Z,b5a8c87,main,wave/fresnel_integral_c,1464.0000
2026-07-06T20:23:39Z,b5a8c87,main,wave/coating_reflectance,1450.0000
2026-07-06T20:23:39Z,b5a8c87,main,wave/zernike_poly,1451.0000
2026-07-06T20:23:39Z,b5a8c87,main,wave/diffraction_pattern_2d_8x8,15482.0000
2026-07-06T20:23:39Z,b5a8c87,main,pbr/fresnel_schlick,1340.0000
2026-07-06T20:23:39Z,b5a8c87,main,pbr/distribution_ggx,1345.0000
2026-07-06T20:23:39Z,b5a8c87,main,pbr/cook_torrance,1448.0000
2026-07-06T20:23:39Z,b5a8c87,main,pbr/iridescence_fresnel,1456.0000
2026-07-06T20:23:39Z,b5a8c87,main,pbr/henyey_greenstein,1354.0000
2026-07-06T20:23:39Z,b5a8c87,main,lens/mtf_diffraction_limited,1432.0000
2026-07-06T20:23:39Z,b5a8c87,main,lens/seidel_coefficients,1473.0000
2026-07-06T20:23:39Z,b5a8c87,main,atmosphere/rayleigh_cross_section,1331.0000
2026-07-06T20:23:39Z,b5a8c87,main,atmosphere/mie_phase_cornette_shanks,1346.0000
2026-07-06T20:23:39Z,b5a8c87,main,atmosphere/sky_color_rgb,2286.0000
2026-07-06T20:23:39Z,b5a8c87,main,bridge/stellar_temperature_to_rgb,1455.0000
2026-07-06T20:23:39Z,b5a8c87,main,serialize/rgb_to_json,2861.0000
2026-07-06T21:28:54Z,6977621,main,ray/fresnel_unpolarized,1441.0000
2026-07-06T21:28:54Z,6977621,main,ray/fiber_na,1325.0000
2026-07-06T21:28:54Z,6977621,main,ray/v_number,1331.0000
2026-07-06T21:28:54Z,6977621,main,ray/sellmeier_n_at,1355.0000
2026-07-06T21:28:54Z,6977621,main,spectral/wavelength_to_rgb,1460.0000
2026-07-06T21:28:54Z,6977621,main,spectral/planck_radiance,1438.0000
2026-07-06T21:28:54Z,6977621,main,spectral/spd_at,1422.0000
2026-07-06T21:28:54Z,6977621,main,wave/single_slit_intensity,1451.0000
2026-07-06T21:28:54Z,6977621,main,wave/malus_law,1402.0000
2026-07-06T21:28:54Z,6977621,main,wave/bessel_j1,1426.0000
2026-07-06T21:28:54Z,6977621,main,wave/airy_pattern,1680.0000
2026-07-06T21:28:54Z,6977621,main,wave/fresnel_integral_c,1465.0000
2026-07-06T21:28:54Z,6977621,main,wave/coating_reflectance,1442.0000
2026-07-06T21:28:54Z,6977621,main,wave/zernike_poly,1427.0000
2026-07-06T21:28:54Z,6977621,main,wave/diffraction_pattern_2d_8x8,15554.0000
2026-07-06T21:28:54Z,6977621,main,pbr/fresnel_schlick,1341.0000
2026-07-06T21:28:54Z,6977621,main,pbr/distribution_ggx,1343.0000
2026-07-06T21:28:54Z,6977621,main,pbr/cook_torrance,1419.0000
2026-07-06T21:28:54Z,6977621,main,pbr/iridescence_fresnel,1457.0000
2026-07-06T21:28:54Z,6977621,main,pbr/henyey_greenstein,1359.0000
2026-07-06T21:28:54Z,6977621,main,lens/mtf_diffraction_limited,1439.0000
2026-07-06T21:28:54Z,6977621,main,lens/seidel_coefficients,1473.0000
2026-07-06T21:28:54Z,6977621,main,atmosphere/rayleigh_cross_section,1329.0000
2026-07-06T21:28:54Z,6977621,main,atmosphere/mie_phase_cornette_shanks,1343.0000
2026-07-06T21:28:54Z,6977621,main,atmosphere/sky_color_rgb,2287.0000
2026-07-06T21:28:54Z,6977621,main,bridge/stellar_temperature_to_rgb,1428.0000
2026-07-06T21:28:54Z,6977621,main,serialize/rgb_to_json,2871.0000
2026-08-12T17:43:39Z,7ec51c8,main,ray/fresnel_unpolarized,108
2026-08-12T17:43:39Z,7ec51c8,main,ray/fiber_na,9
2026-08-12T17:43:39Z,7ec51c8,main,ray/v_number,9
2026-08-12T17:43:39Z,7ec51c8,main,ray/sellmeier_n_at,51
2026-08-12T17:43:39Z,7ec51c8,main,spectral/wavelength_to_rgb,89
2026-08-12T17:43:39Z,7ec51c8,main,spectral/planck_radiance,80
2026-08-12T17:43:39Z,7ec51c8,main,spectral/spd_at,43
2026-08-12T17:43:39Z,7ec51c8,main,wave/single_slit_intensity,121
2026-08-12T17:43:39Z,7ec51c8,main,wave/malus_law,46
2026-08-12T17:43:39Z,7ec51c8,main,wave/bessel_j1,61
2026-08-12T17:43:39Z,7ec51c8,main,wave/airy_pattern,217
2026-08-12T17:43:39Z,7ec51c8,main,wave/fresnel_integral_c,157
2026-08-12T17:43:39Z,7ec51c8,main,wave/coating_reflectance,103
2026-08-12T17:43:39Z,7ec51c8,main,wave/zernike_poly,110
2026-08-12T17:43:39Z,7ec51c8,main,wave/diffraction_pattern_2d_8x8,15888.0000
2026-08-12T17:43:39Z,7ec51c8,main,pbr/fresnel_schlick,17
2026-08-12T17:43:39Z,7ec51c8,main,pbr/distribution_ggx,22
2026-08-12T17:43:39Z,7ec51c8,main,pbr/cook_torrance,101
2026-08-12T17:43:39Z,7ec51c8,main,pbr/iridescence_fresnel,144
2026-08-12T17:43:39Z,7ec51c8,main,pbr/henyey_greenstein,19
2026-08-12T17:43:39Z,7ec51c8,main,lens/mtf_diffraction_limited,88
2026-08-12T17:43:39Z,7ec51c8,main,lens/seidel_coefficients,117
2026-08-12T17:43:39Z,7ec51c8,main,atmosphere/rayleigh_cross_section,9
2026-08-12T17:43:39Z,7ec51c8,main,atmosphere/mie_phase_cornette_shanks,23
2026-08-12T17:43:39Z,7ec51c8,main,atmosphere/sky_color_rgb,1014.0000
2026-08-12T17:43:39Z,7ec51c8,main,bridge/stellar_temperature_to_rgb,119
2026-08-12T17:43:39Z,7ec51c8,main,serialize/rgb_to_json,3443.0000
2026-08-12T18:58:54Z,4c6e734,main,ray/fresnel_unpolarized,106
2026-08-12T18:58:54Z,4c6e734,main,ray/fiber_na,9
2026-08-12T18:58:54Z,4c6e734,main,ray/v_number,9
2026-08-12T18:58:54Z,4c6e734,main,ray/sellmeier_n_at,49
2026-08-12T18:58:54Z,4c6e734,main,spectral/wavelength_to_rgb,86
2026-08-12T18:58:54Z,4c6e734,main,spectral/planck_radiance,77
2026-08-12T18:58:54Z,4c6e734,main,spectral/spd_at,42
2026-08-12T18:58:54Z,4c6e734,main,wave/single_slit_intensity,117
2026-08-12T18:58:54Z,4c6e734,main,wave/malus_law,45
2026-08-12T18:58:54Z,4c6e734,main,wave/bessel_j1,50
2026-08-12T18:58:54Z,4c6e734,main,wave/airy_pattern,205
2026-08-12T18:58:54Z,4c6e734,main,wave/fresnel_integral_c,136
2026-08-12T18:58:54Z,4c6e734,main,wave/coating_reflectance,98
2026-08-12T18:58:54Z,4c6e734,main,wave/zernike_poly,103
2026-08-12T18:58:54Z,4c6e734,main,wave/diffraction_pattern_2d_8x8,15400.0000
2026-08-12T18:58:54Z,4c6e734,main,pbr/fresnel_schlick,17
2026-08-12T18:58:54Z,4c6e734,main,pbr/distribution_ggx,21
2026-08-12T18:58:54Z,4c6e734,main,pbr/cook_torrance,96
2026-08-12T18:58:54Z,4c6e734,main,pbr/iridescence_fresnel,137
2026-08-12T18:58:54Z,4c6e734,main,pbr/henyey_greenstein,19
2026-08-12T18:58:54Z,4c6e734,main,lens/mtf_diffraction_limited,84
2026-08-12T18:58:54Z,4c6e734,main,lens/seidel_coefficients,118
2026-08-12T18:58:54Z,4c6e734,main,atmosphere/rayleigh_cross_section,9
2026-08-12T18:58:54Z,4c6e734,main,atmosphere/mie_phase_cornette_shanks,23
2026-08-12T18:58:54Z,4c6e734,main,atmosphere/sky_color_rgb,987
2026-08-12T18:58:54Z,4c6e734,main,bridge/stellar_temperature_to_rgb,111
2026-08-12T18:58:54Z,4c6e734,main,serialize/rgb_to_json,3401.0000
2026-08-12T19:25:57Z,1324edd,main,ray/fresnel_unpolarized,111
2026-08-12T19:25:57Z,1324edd,main,ray/fiber_na,10
2026-08-12T19:25:57Z,1324edd,main,ray/v_number,9
2026-08-12T19:25:57Z,1324edd,main,ray/sellmeier_n_at,54
2026-08-12T19:25:57Z,1324edd,main,spectral/wavelength_to_rgb,89
2026-08-12T19:25:57Z,1324edd,main,spectral/planck_radiance,81
2026-08-12T19:25:57Z,1324edd,main,spectral/spd_at,44
2026-08-12T19:25:57Z,1324edd,main,wave/single_slit_intensity,120
2026-08-12T19:25:57Z,1324edd,main,wave/malus_law,48
2026-08-12T19:25:57Z,1324edd,main,wave/bessel_j1,55
2026-08-12T19:25:57Z,1324edd,main,wave/airy_pattern,223
2026-08-12T19:25:57Z,1324edd,main,wave/fresnel_integral_c,143
2026-08-12T19:25:57Z,1324edd,main,wave/coating_reflectance,98
2026-08-12T19:25:57Z,1324edd,main,wave/zernike_poly,104
2026-08-12T19:25:57Z,1324edd,main,wave/diffraction_pattern_2d_8x8,16000.0000
2026-08-12T19:25:57Z,1324edd,main,pbr/fresnel_schlick,17
2026-08-12T19:25:57Z,1324edd,main,pbr/distribution_ggx,24
2026-08-12T19:25:57Z,1324edd,main,pbr/cook_torrance,100
2026-08-12T19:25:57Z,1324edd,main,pbr/iridescence_fresnel,142
2026-08-12T19:25:57Z,1324edd,main,pbr/henyey_greenstein,20
2026-08-12T19:25:57Z,1324edd,main,lens/mtf_diffraction_limited,88
2026-08-12T19:25:57Z,1324edd,main,lens/seidel_coefficients,127
2026-08-12T19:25:57Z,1324edd,main,atmosphere/rayleigh_cross_section,9
2026-08-12T19:25:57Z,1324edd,main,atmosphere/mie_phase_cornette_shanks,24
2026-08-12T19:25:57Z,1324edd,main,atmosphere/sky_color_rgb,1025.0000
2026-08-12T19:25:57Z,1324edd,main,bridge/stellar_temperature_to_rgb,126
2026-08-12T19:25:57Z,1324edd,main,serialize/rgb_to_json,3313.0000
2026-08-12T22:38:15Z,098ec01,main,ray/fresnel_unpolarized,121
2026-08-12T22:38:15Z,098ec01,main,ray/fiber_na,9
2026-08-12T22:38:15Z,098ec01,main,ray/v_number,9
2026-08-12T22:38:15Z,098ec01,main,ray/sellmeier_n_at,49
2026-08-12T22:38:15Z,098ec01,main,spectral/wavelength_to_rgb,85
2026-08-12T22:38:15Z,098ec01,main,spectral/planck_radiance,117
2026-08-12T22:38:15Z,098ec01,main,spectral/spd_at,45
2026-08-12T22:38:15Z,098ec01,main,wave/single_slit_intensity,115
2026-08-12T22:38:15Z,098ec01,main,wave/malus_law,52
2026-08-12T22:38:15Z,098ec01,main,wave/bessel_j1,59
2026-08-12T22:38:15Z,098ec01,main,wave/airy_pattern,213
2026-08-12T22:38:15Z,098ec01,main,wave/fresnel_integral_c,144
2026-08-12T22:38:15Z,098ec01,main,wave/coating_reflectance,106
2026-08-12T22:38:15Z,098ec01,main,wave/zernike_poly,101
2026-08-12T22:38:15Z,098ec01,main,wave/diffraction_pattern_2d_8x8,15639.0000
2026-08-12T22:38:15Z,098ec01,main,pbr/fresnel_schlick,16
2026-08-12T22:38:15Z,098ec01,main,pbr/distribution_ggx,21
2026-08-12T22:38:15Z,098ec01,main,pbr/cook_torrance,99
2026-08-12T22:38:15Z,098ec01,main,pbr/iridescence_fresnel,135
2026-08-12T22:38:15Z,098ec01,main,pbr/henyey_greenstein,18
2026-08-12T22:38:15Z,098ec01,main,lens/mtf_diffraction_limited,83
2026-08-12T22:38:15Z,098ec01,main,lens/seidel_coefficients,128
2026-08-12T22:38:15Z,098ec01,main,atmosphere/rayleigh_cross_section,8
2026-08-12T22:38:15Z,098ec01,main,atmosphere/mie_phase_cornette_shanks,22
2026-08-12T22:38:15Z,098ec01,main,atmosphere/sky_color_rgb,967
2026-08-12T22:38:15Z,098ec01,main,bridge/stellar_temperature_to_rgb,115
2026-08-12T22:38:15Z,098ec01,main,serialize/rgb_to_json,3281.0000
2026-08-12T22:38:15Z,098ec01,main,spectral/spd_to_xyz,1534.0000
2026-08-12T22:38:15Z,098ec01,main,spectral/spd_blackbody,10077.0000
2026-08-12T22:38:15Z,098ec01,main,spectral/luminous_flux,3829.0000
2026-08-12T22:38:15Z,098ec01,main,spectral/color_rendering_index,11279.0000
2026-08-12T22:38:15Z,098ec01,main,ray/trace_surface,338
2026-08-12T22:38:15Z,098ec01,main,ray/trace_sequential,962
2026-08-12T22:38:15Z,098ec01,main,ray/spot_diagram,28832.0000
2026-08-12T22:38:15Z,098ec01,main,wave/interference_pattern_16x16,109621.0000
2026-08-12T23:15:35Z,99c3c31,main,ray/fresnel_unpolarized,117
2026-08-12T23:15:35Z,99c3c31,main,ray/fiber_na,9
2026-08-12T23:15:35Z,99c3c31,main,ray/v_number,9
2026-08-12T23:15:35Z,99c3c31,main,ray/sellmeier_n_at,47
2026-08-12T23:15:35Z,99c3c31,main,spectral/wavelength_to_rgb,82
2026-08-12T23:15:35Z,99c3c31,main,spectral/planck_radiance,110
2026-08-12T23:15:35Z,99c3c31,main,spectral/spd_at,41
2026-08-12T23:15:35Z,99c3c31,main,wave/single_slit_intensity,113
2026-08-12T23:15:35Z,99c3c31,main,wave/malus_law,49
2026-08-12T23:15:35Z,99c3c31,main,wave/bessel_j1,48
2026-08-12T23:15:35Z,99c3c31,main,wave/airy_pattern,207
2026-08-12T23:15:35Z,99c3c31,main,wave/fresnel_integral_c,139
2026-08-12T23:15:35Z,99c3c31,main,wave/coating_reflectance,110
2026-08-12T23:15:35Z,99c3c31,main,wave/zernike_poly,100
2026-08-12T23:15:35Z,99c3c31,main,wave/diffraction_pattern_2d_8x8,14966.0000
2026-08-12T23:15:35Z,99c3c31,main,pbr/fresnel_schlick,16
2026-08-12T23:15:35Z,99c3c31,main,pbr/distribution_ggx,20
2026-08-12T23:15:35Z,99c3c31,main,pbr/cook_torrance,93
2026-08-12T23:15:35Z,99c3c31,main,pbr/iridescence_fresnel,134
2026-08-12T23:15:35Z,99c3c31,main,pbr/henyey_greenstein,17
2026-08-12T23:15:35Z,99c3c31,main,lens/mtf_diffraction_limited,80
2026-08-12T23:15:35Z,99c3c31,main,lens/seidel_coefficients,118
2026-08-12T23:15:35Z,99c3c31,main,atmosphere/rayleigh_cross_section,8
2026-08-12T23:15:35Z,99c3c31,main,atmosphere/mie_phase_cornette_shanks,21
2026-08-12T23:15:35Z,99c3c31,main,atmosphere/sky_color_rgb,937
2026-08-12T23:15:35Z,99c3c31,main,bridge/stellar_temperature_to_rgb,110
2026-08-12T23:15:35Z,99c3c31,main,serialize/rgb_to_json,3224.0000
2026-08-12T23:15:35Z,99c3c31,main,spectral/spd_to_xyz,1554.0000
2026-08-12T23:15:35Z,99c3c31,main,spectral/spd_blackbody,9789.0000
2026-08-12T23:15:35Z,99c3c31,main,spectral/luminous_flux,3671.0000
2026-08-12T23:15:35Z,99c3c31,main,spectral/color_rendering_index,10746.0000
2026-08-12T23:15:35Z,99c3c31,main,ray/trace_surface,331
2026-08-12T23:15:35Z,99c3c31,main,ray/trace_sequential,953
2026-08-12T23:15:35Z,99c3c31,main,ray/spot_diagram,27926.0000
2026-08-12T23:15:35Z,99c3c31,main,wave/interference_pattern_16x16,109137.0000
2026-08-12T23:15:35Z,99c3c31,main,wave/pattern2d_normalized_64x64,26927.0000
2026-08-13T00:00:08Z,99c3c31,main,ray/fresnel_unpolarized,125
2026-08-13T00:00:08Z,99c3c31,main,ray/fiber_na,9
2026-08-13T00:00:08Z,99c3c31,main,ray/v_number,9
2026-08-13T00:00:08Z,99c3c31,main,ray/sellmeier_n_at,51
2026-08-13T00:00:08Z,99c3c31,main,spectral/wavelength_to_rgb,93
2026-08-13T00:00:08Z,99c3c31,main,spectral/planck_radiance,120
2026-08-13T00:00:08Z,99c3c31,main,spectral/spd_at,44
2026-08-13T00:00:08Z,99c3c31,main,wave/single_slit_intensity,122
2026-08-13T00:00:08Z,99c3c31,main,wave/malus_law,54
2026-08-13T00:00:08Z,99c3c31,main,wave/bessel_j1,53
2026-08-13T00:00:08Z,99c3c31,main,wave/airy_pattern,222
2026-08-13T00:00:08Z,99c3c31,main,wave/fresnel_integral_c,145
2026-08-13T00:00:08Z,99c3c31,main,wave/coating_reflectance,115
2026-08-13T00:00:08Z,99c3c31,main,wave/zernike_poly,109
2026-08-13T00:00:08Z,99c3c31,main,wave/diffraction_pattern_2d_8x8,16357.0000
2026-08-13T00:00:08Z,99c3c31,main,pbr/fresnel_schlick,17
2026-08-13T00:00:08Z,99c3c31,main,pbr/distribution_ggx,22
2026-08-13T00:00:08Z,99c3c31,main,pbr/cook_torrance,101
2026-08-13T00:00:08Z,99c3c31,main,pbr/iridescence_fresnel,143
2026-08-13T00:00:08Z,99c3c31,main,pbr/henyey_greenstein,20
2026-08-13T00:00:08Z,99c3c31,main,lens/mtf_diffraction_limited,88
2026-08-13T00:00:08Z,99c3c31,main,lens/seidel_coefficients,130
2026-08-13T00:00:08Z,99c3c31,main,atmosphere/rayleigh_cross_section,11
2026-08-13T00:00:08Z,99c3c31,main,atmosphere/mie_phase_cornette_shanks,23
2026-08-13T00:00:08Z,99c3c31,main,atmosphere/sky_color_rgb,1044.0000
2026-08-13T00:00:08Z,99c3c31,main,bridge/stellar_temperature_to_rgb,120
2026-08-13T00:00:08Z,99c3c31,main,serialize/rgb_to_json,3398.0000
2026-08-13T00:00:08Z,99c3c31,main,spectral/spd_to_xyz,1618.0000
2026-08-13T00:00:08Z,99c3c31,main,spectral/spd_blackbody,10425.0000
2026-08-13T00:00:08Z,99c3c31,main,spectral/luminous_flux,3979.0000
2026-08-13T00:00:08Z,99c3c31,main,spectral/color_rendering_index,11655.0000
2026-08-13T00:00:08Z,99c3c31,main,ray/trace_surface,349
2026-08-13T00:00:08Z,99c3c31,main,ray/trace_sequential,1018.0000
2026-08-13T00:00:08Z,99c3c31,main,ray/spot_diagram,30615.0000
2026-08-13T00:00:08Z,99c3c31,main,wave/interference_pattern_16x16,117847.0000
2026-08-13T00:00:08Z,99c3c31,main,wave/pattern2d_normalized_64x64,28582.0000
2026-08-21T19:22:56Z,524a7aa,main,ray/fresnel_unpolarized,115,floor_subtracted,1335.0000
2026-08-21T19:22:56Z,524a7aa,main,ray/fiber_na,8,floor_subtracted,1335.0000
2026-08-21T19:22:56Z,524a7aa,main,ray/v_number,9,floor_subtracted,1335.0000
2026-08-21T19:22:56Z,524a7aa,main,ray/sellmeier_n_at,47,floor_subtracted,1335.0000
2026-08-21T19:22:56Z,524a7aa,main,spectral/wavelength_to_rgb,81,floor_subtracted,1335.0000
2026-08-21T19:22:56Z,524a7aa,main,spectral/planck_radiance,111,floor_subtracted,1335.0000
2026-08-21T19:22:56Z,524a7aa,main,spectral/spd_at,43,floor_subtracted,1335.0000
2026-08-21T19:22:56Z,524a7aa,main,wave/single_slit_intensity,113,floor_subtracted,1335.0000
2026-08-21T19:22:56Z,524a7aa,main,wave/malus_law,49,floor_subtracted,1335.0000
2026-08-21T19:22:56Z,524a7aa,main,wave/bessel_j1,56,floor_subtracted,1335.0000
2026-08-21T19:22:56Z,524a7aa,main,wave/airy_pattern,205,floor_subtracted,1335.0000
2026-08-21T19:22:56Z,524a7aa,main,wave/fresnel_integral_c,139,floor_subtracted,1335.0000
2026-08-21T19:22:56Z,524a7aa,main,wave/coating_reflectance,107,floor_subtracted,1335.0000
2026-08-21T19:22:56Z,524a7aa,main,wave/zernike_poly,102,floor_subtracted,1335.0000
2026-08-21T19:22:56Z,524a7aa,main,wave/diffraction_pattern_2d_8x8,14355.0000,floor_subtracted,1335.0000
2026-08-21T19:22:56Z,524a7aa,main,pbr/fresnel_schlick,17,floor_subtracted,1335.0000
2026-08-21T19:22:56Z,524a7aa,main,pbr/distribution_ggx,20,floor_subtracted,1335.0000
2026-08-21T19:22:56Z,524a7aa,main,pbr/cook_torrance,95,floor_subtracted,1335.0000
2026-08-21T19:22:56Z,524a7aa,main,pbr/iridescence_fresnel,135,floor_subtracted,1335.0000
2026-08-21T19:22:56Z,524a7aa,main,pbr/henyey_greenstein,17,floor_subtracted,1335.0000
2026-08-21T19:22:56Z,524a7aa,main,lens/mtf_diffraction_limited,81,floor_subtracted,1335.0000
2026-08-21T19:22:56Z,524a7aa,main,lens/seidel_coefficients,101,floor_subtracted,1335.0000
2026-08-21T19:22:56Z,524a7aa,main,atmosphere/rayleigh_cross_section,8,floor_subtracted,1335.0000
2026-08-21T19:22:56Z,524a7aa,main,atmosphere/mie_phase_cornette_shanks,22,floor_subtracted,1335.0000
2026-08-21T19:22:56Z,524a7aa,main,atmosphere/sky_color_rgb,949,floor_subtracted,1335.0000
2026-08-21T19:22:56Z,524a7aa,main,bridge/stellar_temperature_to_rgb,110,floor_subtracted,1335.0000
2026-08-21T19:22:56Z,524a7aa,main,serialize/rgb_to_json,2954.0000,floor_subtracted,1335.0000
2026-08-21T19:22:56Z,524a7aa,main,spectral/spd_to_xyz,1481.0000,floor_subtracted,1335.0000
2026-08-21T19:22:56Z,524a7aa,main,spectral/spd_blackbody,9530.0000,floor_subtracted,1335.0000
2026-08-21T19:22:56Z,524a7aa,main,spectral/luminous_flux,3792.0000,floor_subtracted,1335.0000
2026-08-21T19:22:56Z,524a7aa,main,spectral/color_rendering_index,11046.0000,floor_subtracted,1335.0000
2026-08-21T19:22:56Z,524a7aa,main,ray/trace_surface,290,floor_subtracted,1335.0000
2026-08-21T19:22:56Z,524a7aa,main,ray/trace_sequential,836,floor_subtracted,1335.0000
2026-08-21T19:22:56Z,524a7aa,main,ray/spot_diagram,24366.0000,floor_subtracted,1335.0000
2026-08-21T19:22:56Z,524a7aa,main,wave/interference_pattern_16x16,108862.0000,floor_subtracted,1335.0000
2026-08-21T19:22:56Z,524a7aa,main,wave/pattern2d_normalized_64x64,16695.0000,floor_subtracted,1335.0000
2026-08-21T20:04:59Z,8689997,main,ray/fresnel_unpolarized,118,floor_subtracted,1325.0000
2026-08-21T20:04:59Z,8689997,main,ray/fiber_na,9,floor_subtracted,1325.0000
2026-08-21T20:04:59Z,8689997,main,ray/v_number,9,floor_subtracted,1325.0000
2026-08-21T20:04:59Z,8689997,main,ray/sellmeier_n_at,47,floor_subtracted,1325.0000
2026-08-21T20:04:59Z,8689997,main,spectral/wavelength_to_rgb,91,floor_subtracted,1325.0000
2026-08-21T20:04:59Z,8689997,main,spectral/planck_radiance,112,floor_subtracted,1325.0000
2026-08-21T20:04:59Z,8689997,main,spectral/spd_at,41,floor_subtracted,1325.0000
2026-08-21T20:04:59Z,8689997,main,wave/single_slit_intensity,113,floor_subtracted,1325.0000
2026-08-21T20:04:59Z,8689997,main,wave/malus_law,50,floor_subtracted,1325.0000
2026-08-21T20:04:59Z,8689997,main,wave/bessel_j1,49,floor_subtracted,1325.0000
2026-08-21T20:04:59Z,8689997,main,wave/airy_pattern,207,floor_subtracted,1325.0000
2026-08-21T20:04:59Z,8689997,main,wave/fresnel_integral_c,134,floor_subtracted,1325.0000
2026-08-21T20:04:59Z,8689997,main,wave/coating_reflectance,108,floor_subtracted,1325.0000
2026-08-21T20:04:59Z,8689997,main,wave/zernike_poly,99,floor_subtracted,1325.0000
2026-08-21T20:04:59Z,8689997,main,wave/diffraction_pattern_2d_8x8,14481.0000,floor_subtracted,1325.0000
2026-08-21T20:04:59Z,8689997,main,pbr/fresnel_schlick,16,floor_subtracted,1325.0000
2026-08-21T20:04:59Z,8689997,main,pbr/distribution_ggx,20,floor_subtracted,1325.0000
2026-08-21T20:04:59Z,8689997,main,pbr/cook_torrance,98,floor_subtracted,1325.0000
2026-08-21T20:04:59Z,8689997,main,pbr/iridescence_fresnel,135,floor_subtracted,1325.0000
2026-08-21T20:04:59Z,8689997,main,pbr/henyey_greenstein,18,floor_subtracted,1325.0000
2026-08-21T20:04:59Z,8689997,main,lens/mtf_diffraction_limited,81,floor_subtracted,1325.0000
2026-08-21T20:04:59Z,8689997,main,lens/seidel_coefficients,96,floor_subtracted,1325.0000
2026-08-21T20:04:59Z,8689997,main,atmosphere/rayleigh_cross_section,8,floor_subtracted,1325.0000
2026-08-21T20:04:59Z,8689997,main,atmosphere/mie_phase_cornette_shanks,21,floor_subtracted,1325.0000
2026-08-21T20:04:59Z,8689997,main,atmosphere/sky_color_rgb,956,floor_subtracted,1325.0000
2026-08-21T20:04:59Z,8689997,main,bridge/stellar_temperature_to_rgb,116,floor_subtracted,1325.0000
2026-08-21T20:04:59Z,8689997,main,serialize/rgb_to_json,2985.0000,floor_subtracted,1325.0000
2026-08-21T20:04:59Z,8689997,main,spectral/spd_to_xyz,1508.0000,floor_subtracted,1325.0000
2026-08-21T20:04:59Z,8689997,main,spectral/spd_blackbody,9513.0000,floor_subtracted,1325.0000
2026-08-21T20:04:59Z,8689997,main,spectral/luminous_flux,3697.0000,floor_subtracted,1325.0000
2026-08-21T20:04:59Z,8689997,main,spectral/color_rendering_index,10997.0000,floor_subtracted,1325.0000
2026-08-21T20:04:59Z,8689997,main,ray/trace_surface,305,floor_subtracted,1325.0000
2026-08-21T20:04:59Z,8689997,main,ray/trace_sequential,824,floor_subtracted,1325.0000
2026-08-21T20:04:59Z,8689997,main,ray/spot_diagram,24401.0000,floor_subtracted,1325.0000
2026-08-21T20:04:59Z,8689997,main,wave/interference_pattern_16x16,107413.0000,floor_subtracted,1325.0000
2026-08-21T20:04:59Z,8689997,main,wave/pattern2d_normalized_64x64,16668.0000,floor_subtracted,1325.0000
2026-08-22T00:20:28Z,3a8532a,main,ray/fresnel_unpolarized,115,floor_subtracted,1342.0000
2026-08-22T00:20:28Z,3a8532a,main,ray/fiber_na,9,floor_subtracted,1342.0000
2026-08-22T00:20:28Z,3a8532a,main,ray/v_number,9,floor_subtracted,1342.0000
2026-08-22T00:20:28Z,3a8532a,main,ray/sellmeier_n_at,47,floor_subtracted,1342.0000
2026-08-22T00:20:28Z,3a8532a,main,spectral/wavelength_to_rgb,90,floor_subtracted,1342.0000
2026-08-22T00:20:28Z,3a8532a,main,spectral/planck_radiance,112,floor_subtracted,1342.0000
2026-08-22T00:20:28Z,3a8532a,main,spectral/spd_at,41,floor_subtracted,1342.0000
2026-08-22T00:20:28Z,3a8532a,main,wave/single_slit_intensity,113,floor_subtracted,1342.0000
2026-08-22T00:20:28Z,3a8532a,main,wave/malus_law,51,floor_subtracted,1342.0000
2026-08-22T00:20:28Z,3a8532a,main,wave/bessel_j1,49,floor_subtracted,1342.0000
2026-08-22T00:20:28Z,3a8532a,main,wave/airy_pattern,203,floor_subtracted,1342.0000
2026-08-22T00:20:28Z,3a8532a,main,wave/fresnel_integral_c,127,floor_subtracted,1342.0000
2026-08-22T00:20:28Z,3a8532a,main,wave/coating_reflectance,101,floor_subtracted,1342.0000
2026-08-22T00:20:28Z,3a8532a,main,wave/zernike_poly,98,floor_subtracted,1342.0000
2026-08-22T00:20:28Z,3a8532a,main,wave/diffraction_pattern_2d_8x8,14491.0000,floor_subtracted,1342.0000
2026-08-22T00:20:28Z,3a8532a,main,pbr/fresnel_schlick,16,floor_subtracted,1342.0000
2026-08-22T00:20:28Z,3a8532a,main,pbr/distribution_ggx,22,floor_subtracted,1342.0000
2026-08-22T00:20:28Z,3a8532a,main,pbr/cook_torrance,95,floor_subtracted,1342.0000
2026-08-22T00:20:28Z,3a8532a,main,pbr/iridescence_fresnel,140,floor_subtracted,1342.0000
2026-08-22T00:20:28Z,3a8532a,main,pbr/henyey_greenstein,18,floor_subtracted,1342.0000
2026-08-22T00:20:28Z,3a8532a,main,lens/mtf_diffraction_limited,85,floor_subtracted,1342.0000
2026-08-22T00:20:28Z,3a8532a,main,lens/seidel_coefficients,107,floor_subtracted,1342.0000
2026-08-22T00:20:28Z,3a8532a,main,atmosphere/rayleigh_cross_section,9,floor_subtracted,1342.0000
2026-08-22T00:20:28Z,3a8532a,main,atmosphere/mie_phase_cornette_shanks,23,floor_subtracted,1342.0000
2026-08-22T00:20:28Z,3a8532a,main,atmosphere/sky_color_rgb,1009.0000,floor_subtracted,1342.0000
2026-08-22T00:20:28Z,3a8532a,main,bridge/stellar_temperature_to_rgb,114,floor_subtracted,1342.0000
2026-08-22T00:20:28Z,3a8532a,main,serialize/rgb_to_json,3019.0000,floor_subtracted,1342.0000
2026-08-22T00:20:28Z,3a8532a,main,spectral/spd_to_xyz,1487.0000,floor_subtracted,1342.0000
2026-08-22T00:20:28Z,3a8532a,main,spectral/spd_blackbody,9636.0000,floor_subtracted,1342.0000
2026-08-22T00:20:28Z,3a8532a,main,spectral/luminous_flux,3649.0000,floor_subtracted,1342.0000
2026-08-22T00:20:28Z,3a8532a,main,spectral/color_rendering_index,10815.0000,floor_subtracted,1342.0000
2026-08-22T00:20:28Z,3a8532a,main,ray/trace_surface,296,floor_subtracted,1342.0000
2026-08-22T00:20:28Z,3a8532a,main,ray/trace_sequential,838,floor_subtracted,1342.0000
2026-08-22T00:20:28Z,3a8532a,main,ray/spot_diagram,24461.0000,floor_subtracted,1342.0000
2026-08-22T00:20:28Z,3a8532a,main,wave/interference_pattern_16x16,102340.0000,floor_subtracted,1342.0000
2026-08-22T00:20:28Z,3a8532a,main,wave/pattern2d_normalized_64x64,16796.0000,floor_subtracted,1342.0000
2026-08-22T00:53:26Z,529f4b0,main,ray/fresnel_unpolarized,123,floor_subtracted,1404.0000
2026-08-22T00:53:26Z,529f4b0,main,ray/fiber_na,9,floor_subtracted,1404.0000
2026-08-22T00:53:26Z,529f4b0,main,ray/v_number,9,floor_subtracted,1404.0000
2026-08-22T00:53:26Z,529f4b0,main,ray/sellmeier_n_at,49,floor_subtracted,1404.0000
2026-08-22T00:53:26Z,529f4b0,main,spectral/wavelength_to_rgb,95,floor_subtracted,1404.0000
2026-08-22T00:53:26Z,529f4b0,main,spectral/planck_radiance,115,floor_subtracted,1404.0000
2026-08-22T00:53:26Z,529f4b0,main,spectral/spd_at,42,floor_subtracted,1404.0000
2026-08-22T00:53:26Z,529f4b0,main,wave/single_slit_intensity,116,floor_subtracted,1404.0000
2026-08-22T00:53:26Z,529f4b0,main,wave/malus_law,51,floor_subtracted,1404.0000
2026-08-22T00:53:26Z,529f4b0,main,wave/bessel_j1,51,floor_subtracted,1404.0000
2026-08-22T00:53:26Z,529f4b0,main,wave/airy_pattern,210,floor_subtracted,1404.0000
2026-08-22T00:53:26Z,529f4b0,main,wave/fresnel_integral_c,138,floor_subtracted,1404.0000
2026-08-22T00:53:26Z,529f4b0,main,wave/coating_reflectance,107,floor_subtracted,1404.0000
2026-08-22T00:53:26Z,529f4b0,main,wave/zernike_poly,110,floor_subtracted,1404.0000
2026-08-22T00:53:26Z,529f4b0,main,wave/diffraction_pattern_2d_8x8,14884.0000,floor_subtracted,1404.0000
2026-08-22T00:53:26Z,529f4b0,main,pbr/fresnel_schlick,16,floor_subtracted,1404.0000
2026-08-22T00:53:26Z,529f4b0,main,pbr/distribution_ggx,23,floor_subtracted,1404.0000
2026-08-22T00:53:26Z,529f4b0,main,pbr/cook_torrance,95,floor_subtracted,1404.0000
2026-08-22T00:53:26Z,529f4b0,main,pbr/iridescence_fresnel,136,floor_subtracted,1404.0000
2026-08-22T00:53:26Z,529f4b0,main,pbr/henyey_greenstein,19,floor_subtracted,1404.0000
2026-08-22T00:53:26Z,529f4b0,main,lens/mtf_diffraction_limited,84,floor_subtracted,1404.0000
2026-08-22T00:53:26Z,529f4b0,main,lens/seidel_coefficients,108,floor_subtracted,1404.0000
2026-08-22T00:53:26Z,529f4b0,main,atmosphere/rayleigh_cross_section,10,floor_subtracted,1404.0000
2026-08-22T00:53:26Z,529f4b0,main,atmosphere/mie_phase_cornette_shanks,22,floor_subtracted,1404.0000
2026-08-22T00:53:26Z,529f4b0,main,atmosphere/sky_color_rgb,1017.0000,floor_subtracted,1404.0000
2026-08-22T00:53:26Z,529f4b0,main,bridge/stellar_temperature_to_rgb,114,floor_subtracted,1404.0000
2026-08-22T00:53:26Z,529f4b0,main,serialize/rgb_to_json,3047.0000,floor_subtracted,1404.0000
2026-08-22T00:53:26Z,529f4b0,main,spectral/spd_to_xyz,1578.0000,floor_subtracted,1404.0000
2026-08-22T00:53:26Z,529f4b0,main,spectral/spd_blackbody,9928.0000,floor_subtracted,1404.0000
2026-08-22T00:53:26Z,529f4b0,main,spectral/luminous_flux,3736.0000,floor_subtracted,1404.0000
2026-08-22T00:53:26Z,529f4b0,main,spectral/color_rendering_index,11044.0000,floor_subtracted,1404.0000
2026-08-22T00:53:26Z,529f4b0,main,ray/trace_surface,303,floor_subtracted,1404.0000
2026-08-22T00:53:26Z,529f4b0,main,ray/trace_sequential,857,floor_subtracted,1404.0000
2026-08-22T00:53:26Z,529f4b0,main,ray/spot_diagram,25155.0000,floor_subtracted,1404.0000
2026-08-22T00:53:26Z,529f4b0,main,wave/interference_pattern_16x16,109665.0000,floor_subtracted,1404.0000
2026-08-22T00:53:26Z,529f4b0,main,wave/pattern2d_normalized_64x64,17180.0000,floor_subtracted,1404.0000
2026-08-22T01:17:18Z,afd1046,main,ray/fresnel_unpolarized,117,floor_subtracted,1335.0000
2026-08-22T01:17:18Z,afd1046,main,ray/fiber_na,9,floor_subtracted,1335.0000
2026-08-22T01:17:18Z,afd1046,main,ray/v_number,9,floor_subtracted,1335.0000
2026-08-22T01:17:18Z,afd1046,main,ray/sellmeier_n_at,48,floor_subtracted,1335.0000
2026-08-22T01:17:18Z,afd1046,main,spectral/wavelength_to_rgb,94,floor_subtracted,1335.0000
2026-08-22T01:17:18Z,afd1046,main,spectral/planck_radiance,115,floor_subtracted,1335.0000
2026-08-22T01:17:18Z,afd1046,main,spectral/spd_at,42,floor_subtracted,1335.0000
2026-08-22T01:17:18Z,afd1046,main,wave/single_slit_intensity,116,floor_subtracted,1335.0000
2026-08-22T01:17:18Z,afd1046,main,wave/malus_law,50,floor_subtracted,1335.0000
2026-08-22T01:17:18Z,afd1046,main,wave/bessel_j1,57,floor_subtracted,1335.0000
2026-08-22T01:17:18Z,afd1046,main,wave/airy_pattern,211,floor_subtracted,1335.0000
2026-08-22T01:17:18Z,afd1046,main,wave/fresnel_integral_c,137,floor_subtracted,1335.0000
2026-08-22T01:17:18Z,afd1046,main,wave/coating_reflectance,102,floor_subtracted,1335.0000
2026-08-22T01:17:18Z,afd1046,main,wave/zernike_poly,101,floor_subtracted,1335.0000
2026-08-22T01:17:18Z,afd1046,main,wave/diffraction_pattern_2d_8x8,14937.0000,floor_subtracted,1335.0000
2026-08-22T01:17:18Z,afd1046,main,pbr/fresnel_schlick,17,floor_subtracted,1335.0000
2026-08-22T01:17:18Z,afd1046,main,pbr/distribution_ggx,23,floor_subtracted,1335.0000
2026-08-22T01:17:18Z,afd1046,main,pbr/cook_torrance,97,floor_subtracted,1335.0000
2026-08-22T01:17:18Z,afd1046,main,pbr/iridescence_fresnel,134,floor_subtracted,1335.0000
2026-08-22T01:17:18Z,afd1046,main,pbr/henyey_greenstein,18,floor_subtracted,1335.0000
2026-08-22T01:17:18Z,afd1046,main,lens/mtf_diffraction_limited,83,floor_subtracted,1335.0000
2026-08-22T01:17:18Z,afd1046,main,lens/seidel_coefficients,103,floor_subtracted,1335.0000
2026-08-22T01:17:18Z,afd1046,main,atmosphere/rayleigh_cross_section,8,floor_subtracted,1335.0000
2026-08-22T01:17:18Z,afd1046,main,atmosphere/mie_phase_cornette_shanks,22,floor_subtracted,1335.0000
2026-08-22T01:17:18Z,afd1046,main,atmosphere/sky_color_rgb,975,floor_subtracted,1335.0000
2026-08-22T01:17:18Z,afd1046,main,bridge/stellar_temperature_to_rgb,115,floor_subtracted,1335.0000
2026-08-22T01:17:18Z,afd1046,main,serialize/rgb_to_json,3017.0000,floor_subtracted,1335.0000
2026-08-22T01:17:18Z,afd1046,main,spectral/spd_to_xyz,1511.0000,floor_subtracted,1335.0000
2026-08-22T01:17:18Z,afd1046,main,spectral/spd_blackbody,9762.0000,floor_subtracted,1335.0000
2026-08-22T01:17:18Z,afd1046,main,spectral/luminous_flux,3821.0000,floor_subtracted,1335.0000
2026-08-22T01:17:18Z,afd1046,main,spectral/color_rendering_index,121539.0000,floor_subtracted,1335.0000
2026-08-22T01:17:18Z,afd1046,main,ray/trace_surface,299,floor_subtracted,1335.0000
2026-08-22T01:17:18Z,afd1046,main,ray/trace_sequential,861,floor_subtracted,1335.0000
2026-08-22T01:17:18Z,afd1046,main,ray/spot_diagram,24883.0000,floor_subtracted,1335.0000
2026-08-22T01:17:18Z,afd1046,main,wave/interference_pattern_16x16,109944.0000,floor_subtracted,1335.0000
2026-08-22T01:17:18Z,afd1046,main,wave/pattern2d_normalized_64x64,17460.0000,floor_subtracted,1335.0000
2026-08-22T02:49:50Z,772a033,main,ray/fresnel_unpolarized,113,floor_subtracted,1340.0000
2026-08-22T02:49:50Z,772a033,main,ray/fiber_na,9,floor_subtracted,1340.0000
2026-08-22T02:49:50Z,772a033,main,ray/v_number,9,floor_subtracted,1340.0000
2026-08-22T02:49:50Z,772a033,main,ray/sellmeier_n_at,47,floor_subtracted,1340.0000
2026-08-22T02:49:50Z,772a033,main,spectral/wavelength_to_rgb,98,floor_subtracted,1340.0000
2026-08-22T02:49:50Z,772a033,main,spectral/planck_radiance,111,floor_subtracted,1340.0000
2026-08-22T02:49:50Z,772a033,main,spectral/spd_at,43,floor_subtracted,1340.0000
2026-08-22T02:49:50Z,772a033,main,wave/single_slit_intensity,112,floor_subtracted,1340.0000
2026-08-22T02:49:50Z,772a033,main,wave/malus_law,49,floor_subtracted,1340.0000
2026-08-22T02:49:50Z,772a033,main,wave/bessel_j1,49,floor_subtracted,1340.0000
2026-08-22T02:49:50Z,772a033,main,wave/airy_pattern,203,floor_subtracted,1340.0000
2026-08-22T02:49:50Z,772a033,main,wave/fresnel_integral_c,128,floor_subtracted,1340.0000
2026-08-22T02:49:50Z,772a033,main,wave/coating_reflectance,105,floor_subtracted,1340.0000
2026-08-22T02:49:50Z,772a033,main,wave/zernike_poly,106,floor_subtracted,1340.0000
2026-08-22T02:49:50Z,772a033,main,wave/diffraction_pattern_2d_8x8,14240.0000,floor_subtracted,1340.0000
2026-08-22T02:49:50Z,772a033,main,pbr/fresnel_schlick,16,floor_subtracted,1340.0000
2026-08-22T02:49:50Z,772a033,main,pbr/distribution_ggx,22,floor_subtracted,1340.0000
2026-08-22T02:49:50Z,772a033,main,pbr/cook_torrance,92,floor_subtracted,1340.0000
2026-08-22T02:49:50Z,772a033,main,pbr/iridescence_fresnel,131,floor_subtracted,1340.0000
2026-08-22T02:49:50Z,772a033,main,pbr/henyey_greenstein,18,floor_subtracted,1340.0000
2026-08-22T02:49:50Z,772a033,main,lens/mtf_diffraction_limited,80,floor_subtracted,1340.0000
2026-08-22T02:49:50Z,772a033,main,lens/seidel_coefficients,99,floor_subtracted,1340.0000
2026-08-22T02:49:50Z,772a033,main,atmosphere/rayleigh_cross_section,8,floor_subtracted,1340.0000
2026-08-22T02:49:50Z,772a033,main,atmosphere/mie_phase_cornette_shanks,22,floor_subtracted,1340.0000
2026-08-22T02:49:50Z,772a033,main,atmosphere/sky_color_rgb,952,floor_subtracted,1340.0000
2026-08-22T02:49:50Z,772a033,main,bridge/stellar_temperature_to_rgb,109,floor_subtracted,1340.0000
2026-08-22T02:49:50Z,772a033,main,serialize/rgb_to_json,2962.0000,floor_subtracted,1340.0000
2026-08-22T02:49:50Z,772a033,main,spectral/spd_to_xyz,1477.0000,floor_subtracted,1340.0000
2026-08-22T02:49:50Z,772a033,main,spectral/spd_blackbody,9437.0000,floor_subtracted,1340.0000
2026-08-22T02:49:50Z,772a033,main,spectral/luminous_flux,3764.0000,floor_subtracted,1340.0000
2026-08-22T02:49:50Z,772a033,main,spectral/color_rendering_index,280348.0000,floor_subtracted,1340.0000
2026-08-22T02:49:50Z,772a033,main,ray/trace_surface,296,floor_subtracted,1340.0000
2026-08-22T02:49:50Z,772a033,main,ray/trace_sequential,839,floor_subtracted,1340.0000
2026-08-22T02:49:50Z,772a033,main,ray/spot_diagram,24290.0000,floor_subtracted,1340.0000
2026-08-22T02:49:50Z,772a033,main,wave/interference_pattern_16x16,107359.0000,floor_subtracted,1340.0000
2026-08-22T02:49:50Z,772a033,main,wave/pattern2d_normalized_64x64,16695.0000,floor_subtracted,1340.0000
2026-09-16T00:32:55Z,0dd2fcd,main,ray/fresnel_unpolarized,115,floor_subtracted,1339.0000
2026-09-16T00:32:55Z,0dd2fcd,main,ray/fiber_na,9,floor_subtracted,1339.0000
2026-09-16T00:32:55Z,0dd2fcd,main,ray/v_number,8,floor_subtracted,1339.0000
2026-09-16T00:32:55Z,0dd2fcd,main,ray/sellmeier_n_at,37,floor_subtracted,1339.0000
2026-09-16T00:32:55Z,0dd2fcd,main,spectral/wavelength_to_rgb,61,floor_subtracted,1339.0000
2026-09-16T00:32:55Z,0dd2fcd,main,spectral/planck_radiance,112,floor_subtracted,1339.0000
2026-09-16T00:32:55Z,0dd2fcd,main,spectral/spd_at,30,floor_subtracted,1339.0000
2026-09-16T00:32:55Z,0dd2fcd,main,wave/single_slit_intensity,112,floor_subtracted,1339.0000
2026-09-16T00:32:55Z,0dd2fcd,main,wave/malus_law,49,floor_subtracted,1339.0000
2026-09-16T00:32:55Z,0dd2fcd,main,wave/bessel_j1,56,floor_subtracted,1339.0000
2026-09-16T00:32:55Z,0dd2fcd,main,wave/airy_pattern,201,floor_subtracted,1339.0000
2026-09-16T00:32:55Z,0dd2fcd,main,wave/fresnel_integral_c,125,floor_subtracted,1339.0000
2026-09-16T00:32:55Z,0dd2fcd,main,wave/coating_reflectance,105,floor_subtracted,1339.0000
2026-09-16T00:32:55Z,0dd2fcd,main,wave/zernike_poly,98,floor_subtracted,1339.0000
2026-09-16T00:32:55Z,0dd2fcd,main,wave/diffraction_pattern_2d_8x8,13888.0000,floor_subtracted,1339.0000
2026-09-16T00:32:55Z,0dd2fcd,main,pbr/fresnel_schlick,16,floor_subtracted,1339.0000
2026-09-16T00:32:55Z,0dd2fcd,main,pbr/distribution_ggx,23,floor_subtracted,1339.0000
2026-09-16T00:32:55Z,0dd2fcd,main,pbr/cook_torrance,91,floor_subtracted,1339.0000
2026-09-16T00:32:55Z,0dd2fcd,main,pbr/iridescence_fresnel,114,floor_subtracted,1339.0000
2026-09-16T00:32:55Z,0dd2fcd,main,pbr/henyey_greenstein,18,floor_subtracted,1339.0000
2026-09-16T00:32:55Z,0dd2fcd,main,lens/mtf_diffraction_limited,95,floor_subtracted,1339.0000
2026-09-16T00:32:55Z,0dd2fcd,main,lens/seidel_coefficients,91,floor_subtracted,1339.0000
2026-09-16T00:32:55Z,0dd2fcd,main,atmosphere/rayleigh_cross_section,8,floor_subtracted,1339.0000
2026-09-16T00:32:55Z,0dd2fcd,main,atmosphere/mie_phase_cornette_shanks,21,floor_subtracted,1339.0000
2026-09-16T00:32:55Z,0dd2fcd,main,atmosphere/sky_color_rgb,1016.0000,floor_subtracted,1339.0000
2026-09-16T00:32:55Z,0dd2fcd,main,bridge/stellar_temperature_to_rgb,111,floor_subtracted,1339.0000
2026-09-16T00:32:55Z,0dd2fcd,main,serialize/rgb_to_json,2873.0000,floor_subtracted,1339.0000
2026-09-16T00:32:55Z,0dd2fcd,main,spectral/spd_to_xyz,1470.0000,floor_subtracted,1339.0000
2026-09-16T00:32:55Z,0dd2fcd,main,spectral/spd_blackbody,9472.0000,floor_subtracted,1339.0000
2026-09-16T00:32:55Z,0dd2fcd,main,spectral/luminous_flux,2528.0000,floor_subtracted,1339.0000
2026-09-16T00:32:55Z,0dd2fcd,main,spectral/color_rendering_index,281384.0000,floor_subtracted,1339.0000
2026-09-16T00:32:55Z,0dd2fcd,main,ray/trace_surface,214,floor_subtracted,1339.0000
2026-09-16T00:32:55Z,0dd2fcd,main,ray/trace_sequential,634,floor_subtracted,1339.0000
2026-09-16T00:32:55Z,0dd2fcd,main,ray/spot_diagram,18297.0000,floor_subtracted,1339.0000
2026-09-16T00:32:55Z,0dd2fcd,main,wave/interference_pattern_16x16,91857.0000,floor_subtracted,1339.0000
2026-09-16T00:32:55Z,0dd2fcd,main,wave/pattern2d_normalized_64x64,16082.0000,floor_subtracted,1339.0000
2026-09-16T01:15:30Z,59abdf9,main,ray/fresnel_unpolarized,118,floor_subtracted,1321.0000
2026-09-16T01:15:30Z,59abdf9,main,ray/fiber_na,9,floor_subtracted,1321.0000
2026-09-16T01:15:30Z,59abdf9,main,ray/v_number,9,floor_subtracted,1321.0000
2026-09-16T01:15:30Z,59abdf9,main,ray/sellmeier_n_at,34,floor_subtracted,1321.0000
2026-09-16T01:15:30Z,59abdf9,main,spectral/wavelength_to_rgb,68,floor_subtracted,1321.0000
2026-09-16T01:15:30Z,59abdf9,main,spectral/planck_radiance,117,floor_subtracted,1321.0000
2026-09-16T01:15:30Z,59abdf9,main,spectral/spd_at,32,floor_subtracted,1321.0000
2026-09-16T01:15:30Z,59abdf9,main,wave/single_slit_intensity,114,floor_subtracted,1321.0000
2026-09-16T01:15:30Z,59abdf9,main,wave/malus_law,49,floor_subtracted,1321.0000
2026-09-16T01:15:30Z,59abdf9,main,wave/bessel_j1,50,floor_subtracted,1321.0000
2026-09-16T01:15:30Z,59abdf9,main,wave/airy_pattern,202,floor_subtracted,1321.0000
2026-09-16T01:15:30Z,59abdf9,main,wave/fresnel_integral_c,127,floor_subtracted,1321.0000
2026-09-16T01:15:30Z,59abdf9,main,wave/coating_reflectance,105,floor_subtracted,1321.0000
2026-09-16T01:15:30Z,59abdf9,main,wave/zernike_poly,100,floor_subtracted,1321.0000
2026-09-16T01:15:30Z,59abdf9,main,wave/diffraction_pattern_2d_8x8,13987.0000,floor_subtracted,1321.0000
2026-09-16T01:15:30Z,59abdf9,main,pbr/fresnel_schlick,12,floor_subtracted,1321.0000
2026-09-16T01:15:30Z,59abdf9,main,pbr/distribution_ggx,17,floor_subtracted,1321.0000
2026-09-16T01:15:30Z,59abdf9,main,pbr/cook_torrance,76,floor_subtracted,1321.0000
2026-09-16T01:15:30Z,59abdf9,main,pbr/iridescence_fresnel,114,floor_subtracted,1321.0000
2026-09-16T01:15:30Z,59abdf9,main,pbr/henyey_greenstein,17,floor_subtracted,1321.0000
2026-09-16T01:15:30Z,59abdf9,main,lens/mtf_diffraction_limited,94,floor_subtracted,1321.0000
2026-09-16T01:15:30Z,59abdf9,main,lens/seidel_coefficients,89,floor_subtracted,1321.0000
2026-09-16T01:15:30Z,59abdf9,main,atmosphere/rayleigh_cross_section,8,floor_subtracted,1321.0000
2026-09-16T01:15:30Z,59abdf9,main,atmosphere/mie_phase_cornette_shanks,20,floor_subtracted,1321.0000
2026-09-16T01:15:30Z,59abdf9,main,atmosphere/sky_color_rgb,860,floor_subtracted,1321.0000
2026-09-16T01:15:30Z,59abdf9,main,bridge/stellar_temperature_to_rgb,111,floor_subtracted,1321.0000
2026-09-16T01:15:30Z,59abdf9,main,serialize/rgb_to_json,2879.0000,floor_subtracted,1321.0000
2026-09-16T01:15:30Z,59abdf9,main,spectral/spd_to_xyz,1465.0000,floor_subtracted,1321.0000
2026-09-16T01:15:30Z,59abdf9,main,spectral/spd_blackbody,9477.0000,floor_subtracted,1321.0000
2026-09-16T01:15:30Z,59abdf9,main,spectral/luminous_flux,2612.0000,floor_subtracted,1321.0000
2026-09-16T01:15:30Z,59abdf9,main,spectral/color_rendering_index,281845.0000,floor_subtracted,1321.0000
2026-09-16T01:15:30Z,59abdf9,main,ray/trace_surface,208,floor_subtracted,1321.0000
2026-09-16T01:15:30Z,59abdf9,main,ray/trace_sequential,630,floor_subtracted,1321.0000
2026-09-16T01:15:30Z,59abdf9,main,ray/spot_diagram,18288.0000,floor_subtracted,1321.0000
2026-09-16T01:15:30Z,59abdf9,main,wave/interference_pattern_16x16,91436.0000,floor_subtracted,1321.0000
2026-09-16T01:15:30Z,59abdf9,main,wave/pattern2d_normalized_64x64,16081.0000,floor_subtracted,1321.0000
2026-09-16T01:57:58Z,a952657,main,ray/fresnel_unpolarized,115,floor_subtracted,1337.0000
2026-09-16T01:57:58Z,a952657,main,ray/fiber_na,9,floor_subtracted,1337.0000
2026-09-16T01:57:58Z,a952657,main,ray/v_number,9,floor_subtracted,1337.0000
2026-09-16T01:57:58Z,a952657,main,ray/sellmeier_n_at,33,floor_subtracted,1337.0000
2026-09-16T01:57:58Z,a952657,main,spectral/wavelength_to_rgb,62,floor_subtracted,1337.0000
2026-09-16T01:57:58Z,a952657,main,spectral/planck_radiance,112,floor_subtracted,1337.0000
2026-09-16T01:57:58Z,a952657,main,spectral/spd_at,31,floor_subtracted,1337.0000
2026-09-16T01:57:58Z,a952657,main,wave/single_slit_intensity,113,floor_subtracted,1337.0000
2026-09-16T01:57:58Z,a952657,main,wave/malus_law,49,floor_subtracted,1337.0000
2026-09-16T01:57:58Z,a952657,main,wave/bessel_j1,50,floor_subtracted,1337.0000
2026-09-16T01:57:58Z,a952657,main,wave/airy_pattern,199,floor_subtracted,1337.0000
2026-09-16T01:57:58Z,a952657,main,wave/fresnel_integral_c,126,floor_subtracted,1337.0000
2026-09-16T01:57:58Z,a952657,main,wave/coating_reflectance,105,floor_subtracted,1337.0000
2026-09-16T01:57:58Z,a952657,main,wave/zernike_poly,101,floor_subtracted,1337.0000
2026-09-16T01:57:58Z,a952657,main,wave/diffraction_pattern_2d_8x8,13928.0000,floor_subtracted,1337.0000
2026-09-16T01:57:58Z,a952657,main,pbr/fresnel_schlick,12,floor_subtracted,1337.0000
2026-09-16T01:57:58Z,a952657,main,pbr/distribution_ggx,17,floor_subtracted,1337.0000
2026-09-16T01:57:58Z,a952657,main,pbr/cook_torrance,78,floor_subtracted,1337.0000
2026-09-16T01:57:58Z,a952657,main,pbr/iridescence_fresnel,118,floor_subtracted,1337.0000
2026-09-16T01:57:58Z,a952657,main,pbr/henyey_greenstein,18,floor_subtracted,1337.0000
2026-09-16T01:57:58Z,a952657,main,lens/mtf_diffraction_limited,95,floor_subtracted,1337.0000
2026-09-16T01:57:58Z,a952657,main,lens/seidel_coefficients,90,floor_subtracted,1337.0000
2026-09-16T01:57:58Z,a952657,main,atmosphere/rayleigh_cross_section,8,floor_subtracted,1337.0000
2026-09-16T01:57:58Z,a952657,main,atmosphere/mie_phase_cornette_shanks,21,floor_subtracted,1337.0000
2026-09-16T01:57:58Z,a952657,main,atmosphere/sky_color_rgb,880,floor_subtracted,1337.0000
2026-09-16T01:57:58Z,a952657,main,bridge/stellar_temperature_to_rgb,109,floor_subtracted,1337.0000
2026-09-16T01:57:58Z,a952657,main,serialize/rgb_to_json,2919.0000,floor_subtracted,1337.0000
2026-09-16T01:57:58Z,a952657,main,spectral/spd_to_xyz,1539.0000,floor_subtracted,1337.0000
2026-09-16T01:57:58Z,a952657,main,spectral/spd_blackbody,9664.0000,floor_subtracted,1337.0000
2026-09-16T01:57:58Z,a952657,main,spectral/luminous_flux,2605.0000,floor_subtracted,1337.0000
2026-09-16T01:57:58Z,a952657,main,spectral/color_rendering_index,282113.0000,floor_subtracted,1337.0000
2026-09-16T01:57:58Z,a952657,main,ray/trace_surface,209,floor_subtracted,1337.0000
2026-09-16T01:57:58Z,a952657,main,ray/trace_sequential,634,floor_subtracted,1337.0000
2026-09-16T01:57:58Z,a952657,main,ray/spot_diagram,18361.0000,floor_subtracted,1337.0000
2026-09-16T01:57:58Z,a952657,main,wave/interference_pattern_16x16,91744.0000,floor_subtracted,1337.0000
2026-09-16T01:57:58Z,a952657,main,wave/pattern2d_normalized_64x64,11675.0000,floor_subtracted,1337.0000
2026-09-16T02:16:25Z,58e180d,main,ray/fresnel_unpolarized,117,floor_subtracted,1336.0000
2026-09-16T02:16:25Z,58e180d,main,ray/fiber_na,9,floor_subtracted,1336.0000
2026-09-16T02:16:25Z,58e180d,main,ray/v_number,9,floor_subtracted,1336.0000
2026-09-16T02:16:25Z,58e180d,main,ray/sellmeier_n_at,32,floor_subtracted,1336.0000
2026-09-16T02:16:25Z,58e180d,main,spectral/wavelength_to_rgb,42,floor_subtracted,1336.0000
2026-09-16T02:16:25Z,58e180d,main,spectral/planck_radiance,112,floor_subtracted,1336.0000
2026-09-16T02:16:25Z,58e180d,main,spectral/spd_at,31,floor_subtracted,1336.0000
2026-09-16T02:16:25Z,58e180d,main,wave/single_slit_intensity,113,floor_subtracted,1336.0000
2026-09-16T02:16:25Z,58e180d,main,wave/malus_law,49,floor_subtracted,1336.0000
2026-09-16T02:16:25Z,58e180d,main,wave/bessel_j1,50,floor_subtracted,1336.0000
2026-09-16T02:16:25Z,58e180d,main,wave/airy_pattern,207,floor_subtracted,1336.0000
2026-09-16T02:16:25Z,58e180d,main,wave/fresnel_integral_c,134,floor_subtracted,1336.0000
2026-09-16T02:16:25Z,58e180d,main,wave/coating_reflectance,102,floor_subtracted,1336.0000
2026-09-16T02:16:25Z,58e180d,main,wave/zernike_poly,101,floor_subtracted,1336.0000
2026-09-16T02:16:25Z,58e180d,main,wave/diffraction_pattern_2d_8x8,13930.0000,floor_subtracted,1336.0000
2026-09-16T02:16:25Z,58e180d,main,pbr/fresnel_schlick,12,floor_subtracted,1336.0000
2026-09-16T02:16:25Z,58e180d,main,pbr/distribution_ggx,17,floor_subtracted,1336.0000
2026-09-16T02:16:25Z,58e180d,main,pbr/cook_torrance,78,floor_subtracted,1336.0000
2026-09-16T02:16:25Z,58e180d,main,pbr/iridescence_fresnel,117,floor_subtracted,1336.0000
2026-09-16T02:16:25Z,58e180d,main,pbr/henyey_greenstein,17,floor_subtracted,1336.0000
2026-09-16T02:16:25Z,58e180d,main,lens/mtf_diffraction_limited,95,floor_subtracted,1336.0000
2026-09-16T02:16:25Z,58e180d,main,lens/seidel_coefficients,62,floor_subtracted,1336.0000
2026-09-16T02:16:25Z,58e180d,main,atmosphere/rayleigh_cross_section,8,floor_subtracted,1336.0000
2026-09-16T02:16:25Z,58e180d,main,atmosphere/mie_phase_cornette_shanks,21,floor_subtracted,1336.0000
2026-09-16T02:16:25Z,58e180d,main,atmosphere/sky_color_rgb,854,floor_subtracted,1336.0000
2026-09-16T02:16:25Z,58e180d,main,bridge/stellar_temperature_to_rgb,110,floor_subtracted,1336.0000
2026-09-16T02:16:25Z,58e180d,main,serialize/rgb_to_json,2894.0000,floor_subtracted,1336.0000
2026-09-16T02:16:25Z,58e180d,main,serialize/spd_to_json,71953.0000,floor_subtracted,1336.0000
2026-09-16T02:16:25Z,58e180d,main,spectral/spd_to_xyz,1456.0000,floor_subtracted,1336.0000
2026-09-16T02:16:25Z,58e180d,main,spectral/spd_blackbody,9502.0000,floor_subtracted,1336.0000
2026-09-16T02:16:25Z,58e180d,main,spectral/luminous_flux,2582.0000,floor_subtracted,1336.0000
2026-09-16T02:16:25Z,58e180d,main,spectral/color_rendering_index,281823.0000,floor_subtracted,1336.0000
2026-09-16T02:16:25Z,58e180d,main,ray/trace_surface,186,floor_subtracted,1336.0000
2026-09-16T02:16:25Z,58e180d,main,ray/trace_sequential,559,floor_subtracted,1336.0000
2026-09-16T02:16:25Z,58e180d,main,ray/spot_diagram,16750.0000,floor_subtracted,1336.0000
2026-09-16T02:16:25Z,58e180d,main,wave/interference_pattern_16x16,92104.0000,floor_subtracted,1336.0000
2026-09-16T02:16:25Z,58e180d,main,wave/pattern2d_normalized_64x64,11819.0000,floor_subtracted,1336.0000
2026-09-16T03:21:13Z,a9e1384,main,ray/fresnel_unpolarized,123,floor_subtracted,1334.0000
2026-09-16T03:21:13Z,a9e1384,main,ray/fiber_na,9,floor_subtracted,1334.0000
2026-09-16T03:21:13Z,a9e1384,main,ray/v_number,9,floor_subtracted,1334.0000
2026-09-16T03:21:13Z,a9e1384,main,ray/sellmeier_n_at,34,floor_subtracted,1334.0000
2026-09-16T03:21:13Z,a9e1384,main,spectral/wavelength_to_rgb,50,floor_subtracted,1334.0000
2026-09-16T03:21:13Z,a9e1384,main,spectral/planck_radiance,118,floor_subtracted,1334.0000
2026-09-16T03:21:13Z,a9e1384,main,spectral/spd_at,33,floor_subtracted,1334.0000
2026-09-16T03:21:13Z,a9e1384,main,wave/single_slit_intensity,120,floor_subtracted,1334.0000
2026-09-16T03:21:13Z,a9e1384,main,wave/malus_law,51,floor_subtracted,1334.0000
2026-09-16T03:21:13Z,a9e1384,main,wave/bessel_j1,51,floor_subtracted,1334.0000
2026-09-16T03:21:13Z,a9e1384,main,wave/airy_pattern,210,floor_subtracted,1334.0000
2026-09-16T03:21:13Z,a9e1384,main,wave/fresnel_integral_c,133,floor_subtracted,1334.0000
2026-09-16T03:21:13Z,a9e1384,main,wave/coating_reflectance,107,floor_subtracted,1334.0000
2026-09-16T03:21:13Z,a9e1384,main,wave/zernike_poly,101,floor_subtracted,1334.0000
2026-09-16T03:21:13Z,a9e1384,main,wave/diffraction_pattern_2d_8x8,14101.0000,floor_subtracted,1334.0000
2026-09-16T03:21:13Z,a9e1384,main,pbr/fresnel_schlick,12,floor_subtracted,1334.0000
2026-09-16T03:21:13Z,a9e1384,main,pbr/distribution_ggx,17,floor_subtracted,1334.0000
2026-09-16T03:21:13Z,a9e1384,main,pbr/cook_torrance,78,floor_subtracted,1334.0000
2026-09-16T03:21:13Z,a9e1384,main,pbr/iridescence_fresnel,115,floor_subtracted,1334.0000
2026-09-16T03:21:13Z,a9e1384,main,pbr/henyey_greenstein,18,floor_subtracted,1334.0000
2026-09-16T03:21:13Z,a9e1384,main,lens/mtf_diffraction_limited,96,floor_subtracted,1334.0000
2026-09-16T03:21:13Z,a9e1384,main,lens/seidel_coefficients,61,floor_subtracted,1334.0000
2026-09-16T03:21:13Z,a9e1384,main,atmosphere/rayleigh_cross_section,8,floor_subtracted,1334.0000
2026-09-16T03:21:13Z,a9e1384,main,atmosphere/mie_phase_cornette_shanks,21,floor_subtracted,1334.0000
2026-09-16T03:21:13Z,a9e1384,main,atmosphere/sky_color_rgb,872,floor_subtracted,1334.0000
2026-09-16T03:21:13Z,a9e1384,main,bridge/stellar_temperature_to_rgb,111,floor_subtracted,1334.0000
2026-09-16T03:21:13Z,a9e1384,main,serialize/rgb_to_json,2325.0000,floor_subtracted,1334.0000
2026-09-16T03:21:13Z,a9e1384,main,serialize/prescription_to_json,20974.0000,floor_subtracted,1334.0000
2026-09-16T03:21:13Z,a9e1384,main,serialize/spd_to_json,67924.0000,floor_subtracted,1334.0000
2026-09-16T03:21:13Z,a9e1384,main,spectral/spd_to_xyz,1469.0000,floor_subtracted,1334.0000
2026-09-16T03:21:13Z,a9e1384,main,spectral/spd_blackbody,9542.0000,floor_subtracted,1334.0000
2026-09-16T03:21:13Z,a9e1384,main,spectral/luminous_flux,2595.0000,floor_subtracted,1334.0000
2026-09-16T03:21:13Z,a9e1384,main,spectral/color_rendering_index,283580.0000,floor_subtracted,1334.0000
2026-09-16T03:21:13Z,a9e1384,main,ray/trace_surface,187,floor_subtracted,1334.0000
2026-09-16T03:21:13Z,a9e1384,main,ray/trace_sequential,554,floor_subtracted,1334.0000
2026-09-16T03:21:13Z,a9e1384,main,ray/spot_diagram,16717.0000,floor_subtracted,1334.0000
2026-09-16T03:21:13Z,a9e1384,main,wave/interference_pattern_16x16,92044.0000,floor_subtracted,1334.0000
2026-09-16T03:21:13Z,a9e1384,main,wave/pattern2d_normalized_64x64,11862.0000,floor_subtracted,1334.0000
2026-09-16T03:47:53Z,79adf6f,main,ray/fresnel_unpolarized,115,floor_subtracted,1336.0000
2026-09-16T03:47:53Z,79adf6f,main,ray/fiber_na,9,floor_subtracted,1336.0000
2026-09-16T03:47:53Z,79adf6f,main,ray/v_number,9,floor_subtracted,1336.0000
2026-09-16T03:47:53Z,79adf6f,main,ray/sellmeier_n_at,32,floor_subtracted,1336.0000
2026-09-16T03:47:53Z,79adf6f,main,spectral/wavelength_to_rgb,42,floor_subtracted,1336.0000
2026-09-16T03:47:53Z,79adf6f,main,spectral/planck_radiance,111,floor_subtracted,1336.0000
2026-09-16T03:47:53Z,79adf6f,main,spectral/spd_at,30,floor_subtracted,1336.0000
2026-09-16T03:47:53Z,79adf6f,main,wave/single_slit_intensity,112,floor_subtracted,1336.0000
2026-09-16T03:47:53Z,79adf6f,main,wave/malus_law,49,floor_subtracted,1336.0000
2026-09-16T03:47:53Z,79adf6f,main,wave/bessel_j1,49,floor_subtracted,1336.0000
2026-09-16T03:47:53Z,79adf6f,main,wave/airy_pattern,201,floor_subtracted,1336.0000
2026-09-16T03:47:53Z,79adf6f,main,wave/fresnel_integral_c,132,floor_subtracted,1336.0000
2026-09-16T03:47:53Z,79adf6f,main,wave/coating_reflectance,112,floor_subtracted,1336.0000
2026-09-16T03:47:53Z,79adf6f,main,wave/zernike_poly,105,floor_subtracted,1336.0000
2026-09-16T03:47:53Z,79adf6f,main,wave/diffraction_pattern_2d_8x8,13993.0000,floor_subtracted,1336.0000
2026-09-16T03:47:53Z,79adf6f,main,pbr/fresnel_schlick,12,floor_subtracted,1336.0000
2026-09-16T03:47:53Z,79adf6f,main,pbr/distribution_ggx,17,floor_subtracted,1336.0000
2026-09-16T03:47:53Z,79adf6f,main,pbr/cook_torrance,78,floor_subtracted,1336.0000
2026-09-16T03:47:53Z,79adf6f,main,pbr/iridescence_fresnel,114,floor_subtracted,1336.0000
2026-09-16T03:47:53Z,79adf6f,main,pbr/henyey_greenstein,18,floor_subtracted,1336.0000
2026-09-16T03:47:53Z,79adf6f,main,lens/mtf_diffraction_limited,96,floor_subtracted,1336.0000
2026-09-16T03:47:53Z,79adf6f,main,lens/seidel_coefficients,61,floor_subtracted,1336.0000
2026-09-16T03:47:53Z,79adf6f,main,atmosphere/rayleigh_cross_section,8,floor_subtracted,1336.0000
2026-09-16T03:47:53Z,79adf6f,main,atmosphere/mie_phase_cornette_shanks,22,floor_subtracted,1336.0000
2026-09-16T03:47:53Z,79adf6f,main,atmosphere/sky_color_rgb,856,floor_subtracted,1336.0000
2026-09-16T03:47:53Z,79adf6f,main,bridge/stellar_temperature_to_rgb,111,floor_subtracted,1336.0000
2026-09-16T03:47:53Z,79adf6f,main,serialize/rgb_to_json,2307.0000,floor_subtracted,1336.0000
2026-09-16T03:47:53Z,79adf6f,main,serialize/prescription_to_json,20775.0000,floor_subtracted,1336.0000
2026-09-16T03:47:53Z,79adf6f,main,serialize/spd_to_json,67567.0000,floor_subtracted,1336.0000
2026-09-16T03:47:53Z,79adf6f,main,spectral/spd_to_xyz,1443.0000,floor_subtracted,1336.0000
2026-09-16T03:47:53Z,79adf6f,main,spectral/spd_blackbody,9486.0000,floor_subtracted,1336.0000
2026-09-16T03:47:53Z,79adf6f,main,spectral/luminous_flux,2533.0000,floor_subtracted,1336.0000
2026-09-16T03:47:53Z,79adf6f,main,spectral/color_rendering_index,282335.0000,floor_subtracted,1336.0000
2026-09-16T03:47:53Z,79adf6f,main,ray/trace_surface,148,floor_subtracted,1336.0000
2026-09-16T03:47:53Z,79adf6f,main,ray/trace_sequential,465,floor_subtracted,1336.0000
2026-09-16T03:47:53Z,79adf6f,main,ray/spot_diagram,15050.0000,floor_subtracted,1336.0000
2026-09-16T03:47:53Z,79adf6f,main,wave/interference_pattern_16x16,89432.0000,floor_subtracted,1336.0000
2026-09-16T03:47:53Z,79adf6f,main,wave/pattern2d_normalized_64x64,11630.0000,floor_subtracted,1336.0000
2026-09-16T04:38:27Z,c23e92f,main,ray/fresnel_unpolarized,121,floor_subtracted,1346.0000
2026-09-16T04:38:27Z,c23e92f,main,ray/fiber_na,9,floor_subtracted,1346.0000
2026-09-16T04:38:27Z,c23e92f,main,ray/v_number,9,floor_subtracted,1346.0000
2026-09-16T04:38:27Z,c23e92f,main,ray/sellmeier_n_at,34,floor_subtracted,1346.0000
2026-09-16T04:38:27Z,c23e92f,main,spectral/wavelength_to_rgb,42,floor_subtracted,1346.0000
2026-09-16T04:38:27Z,c23e92f,main,spectral/planck_radiance,113,floor_subtracted,1346.0000
2026-09-16T04:38:27Z,c23e92f,main,spectral/spd_at,32,floor_subtracted,1346.0000
2026-09-16T04:38:27Z,c23e92f,main,wave/single_slit_intensity,114,floor_subtracted,1346.0000
2026-09-16T04:38:27Z,c23e92f,main,wave/malus_law,52,floor_subtracted,1346.0000
2026-09-16T04:38:27Z,c23e92f,main,wave/bessel_j1,53,floor_subtracted,1346.0000
2026-09-16T04:38:27Z,c23e92f,main,wave/airy_pattern,213,floor_subtracted,1346.0000
2026-09-16T04:38:27Z,c23e92f,main,wave/fresnel_integral_c,132,floor_subtracted,1346.0000
2026-09-16T04:38:27Z,c23e92f,main,wave/coating_reflectance,110,floor_subtracted,1346.0000
2026-09-16T04:38:27Z,c23e92f,main,wave/zernike_poly,102,floor_subtracted,1346.0000
2026-09-16T04:38:27Z,c23e92f,main,wave/diffraction_pattern_2d_8x8,14127.0000,floor_subtracted,1346.0000
2026-09-16T04:38:27Z,c23e92f,main,pbr/fresnel_schlick,12,floor_subtracted,1346.0000
2026-09-16T04:38:27Z,c23e92f,main,pbr/distribution_ggx,17,floor_subtracted,1346.0000
2026-09-16T04:38:27Z,c23e92f,main,pbr/cook_torrance,80,floor_subtracted,1346.0000
2026-09-16T04:38:27Z,c23e92f,main,pbr/iridescence_fresnel,118,floor_subtracted,1346.0000
2026-09-16T04:38:27Z,c23e92f,main,pbr/henyey_greenstein,18,floor_subtracted,1346.0000
2026-09-16T04:38:27Z,c23e92f,main,lens/mtf_diffraction_limited,98,floor_subtracted,1346.0000
2026-09-16T04:38:27Z,c23e92f,main,lens/seidel_coefficients,65,floor_subtracted,1346.0000
2026-09-16T04:38:27Z,c23e92f,main,atmosphere/rayleigh_cross_section,9,floor_subtracted,1346.0000
2026-09-16T04:38:27Z,c23e92f,main,atmosphere/mie_phase_cornette_shanks,22,floor_subtracted,1346.0000
2026-09-16T04:38:27Z,c23e92f,main,atmosphere/sky_color_rgb,886,floor_subtracted,1346.0000
2026-09-16T04:38:27Z,c23e92f,main,bridge/stellar_temperature_to_rgb,112,floor_subtracted,1346.0000
2026-09-16T04:38:27Z,c23e92f,main,serialize/rgb_to_json,2384.0000,floor_subtracted,1346.0000
2026-09-16T04:38:27Z,c23e92f,main,serialize/prescription_to_json,21245.0000,floor_subtracted,1346.0000
2026-09-16T04:38:27Z,c23e92f,main,serialize/spd_to_json,68680.0000,floor_subtracted,1346.0000
2026-09-16T04:38:27Z,c23e92f,main,spectral/spd_to_xyz,1463.0000,floor_subtracted,1346.0000
2026-09-16T04:38:27Z,c23e92f,main,spectral/spd_blackbody,9884.0000,floor_subtracted,1346.0000
2026-09-16T04:38:27Z,c23e92f,main,spectral/luminous_flux,2628.0000,floor_subtracted,1346.0000
2026-09-16T04:38:27Z,c23e92f,main,spectral/color_rendering_index,289976.0000,floor_subtracted,1346.0000
2026-09-16T04:38:27Z,c23e92f,main,ray/trace_surface,155,floor_subtracted,1346.0000
2026-09-16T04:38:27Z,c23e92f,main,ray/trace_sequential,475,floor_subtracted,1346.0000
2026-09-16T04:38:27Z,c23e92f,main,ray/spot_diagram,15582.0000,floor_subtracted,1346.0000
2026-09-16T04:38:27Z,c23e92f,main,wave/interference_pattern_16x16,92170.0000,floor_subtracted,1346.0000
2026-09-16T04:38:27Z,c23e92f,main,wave/pattern2d_normalized_64x64,11856.0000,floor_subtracted,1346.0000
2026-09-16T05:28:58Z,92f6926,main,ray/fresnel_unpolarized,121,floor_subtracted,1347.0000
2026-09-16T05:28:58Z,92f6926,main,ray/fiber_na,9,floor_subtracted,1347.0000
2026-09-16T05:28:58Z,92f6926,main,ray/v_number,9,floor_subtracted,1347.0000
2026-09-16T05:28:58Z,92f6926,main,ray/sellmeier_n_at,34,floor_subtracted,1347.0000
2026-09-16T05:28:58Z,92f6926,main,spectral/wavelength_to_rgb,43,floor_subtracted,1347.0000
2026-09-16T05:28:58Z,92f6926,main,spectral/planck_radiance,113,floor_subtracted,1347.0000
2026-09-16T05:28:58Z,92f6926,main,spectral/spd_at,31,floor_subtracted,1347.0000
2026-09-16T05:28:58Z,92f6926,main,wave/single_slit_intensity,116,floor_subtracted,1347.0000
2026-09-16T05:28:58Z,92f6926,main,wave/malus_law,51,floor_subtracted,1347.0000
2026-09-16T05:28:58Z,92f6926,main,wave/bessel_j1,51,floor_subtracted,1347.0000
2026-09-16T05:28:58Z,92f6926,main,wave/airy_pattern,209,floor_subtracted,1347.0000
2026-09-16T05:28:58Z,92f6926,main,wave/fresnel_integral_c,133,floor_subtracted,1347.0000
2026-09-16T05:28:58Z,92f6926,main,wave/coating_reflectance,109,floor_subtracted,1347.0000
2026-09-16T05:28:58Z,92f6926,main,wave/multilayer_rt,917,floor_subtracted,1347.0000
2026-09-16T05:28:58Z,92f6926,main,wave/zernike_poly,104,floor_subtracted,1347.0000
2026-09-16T05:28:58Z,92f6926,main,wave/diffraction_pattern_2d_8x8,14347.0000,floor_subtracted,1347.0000
2026-09-16T05:28:58Z,92f6926,main,pbr/fresnel_schlick,12,floor_subtracted,1347.0000
2026-09-16T05:28:58Z,92f6926,main,pbr/distribution_ggx,18,floor_subtracted,1347.0000
2026-09-16T05:28:58Z,92f6926,main,pbr/cook_torrance,78,floor_subtracted,1347.0000
2026-09-16T05:28:58Z,92f6926,main,pbr/iridescence_fresnel,118,floor_subtracted,1347.0000
2026-09-16T05:28:58Z,92f6926,main,pbr/henyey_greenstein,18,floor_subtracted,1347.0000
2026-09-16T05:28:58Z,92f6926,main,lens/mtf_diffraction_limited,99,floor_subtracted,1347.0000
2026-09-16T05:28:58Z,92f6926,main,lens/seidel_coefficients,62,floor_subtracted,1347.0000
2026-09-16T05:28:58Z,92f6926,main,atmosphere/rayleigh_cross_section,11,floor_subtracted,1347.0000
2026-09-16T05:28:58Z,92f6926,main,atmosphere/mie_phase_cornette_shanks,21,floor_subtracted,1347.0000
2026-09-16T05:28:58Z,92f6926,main,atmosphere/sky_color_rgb,901,floor_subtracted,1347.0000
2026-09-16T05:28:58Z,92f6926,main,bridge/stellar_temperature_to_rgb,116,floor_subtracted,1347.0000
2026-09-16T05:28:58Z,92f6926,main,serialize/rgb_to_json,2373.0000,floor_subtracted,1347.0000
2026-09-16T05:28:58Z,92f6926,main,serialize/prescription_to_json,21333.0000,floor_subtracted,1347.0000
2026-09-16T05:28:58Z,92f6926,main,serialize/spd_to_json,68933.0000,floor_subtracted,1347.0000
2026-09-16T05:28:58Z,92f6926,main,spectral/spd_to_xyz,1526.0000,floor_subtracted,1347.0000
2026-09-16T05:28:58Z,92f6926,main,spectral/spd_blackbody,9876.0000,floor_subtracted,1347.0000
2026-09-16T05:28:58Z,92f6926,main,spectral/luminous_flux,2666.0000,floor_subtracted,1347.0000
2026-09-16T05:28:58Z,92f6926,main,spectral/color_rendering_index,294665.0000,floor_subtracted,1347.0000
2026-09-16T05:28:58Z,92f6926,main,ray/trace_surface,156,floor_subtracted,1347.0000
2026-09-16T05:28:58Z,92f6926,main,ray/trace_sequential,490,floor_subtracted,1347.0000
2026-09-16T05:28:58Z,92f6926,main,ray/spot_diagram,15503.0000,floor_subtracted,1347.0000
2026-09-16T05:28:58Z,92f6926,main,wave/interference_pattern_16x16,95933.0000,floor_subtracted,1347.0000
2026-09-16T05:28:58Z,92f6926,main,wave/pattern2d_normalized_64x64,11803.0000,floor_subtracted,1347.0000
2026-09-16T05:28:58Z,92f6926,main,spectral/wavelength_to_frequency,12,floor_subtracted,1347.0000
2026-09-16T05:28:58Z,92f6926,main,spectral/frequency_to_wavelength,8,floor_subtracted,1347.0000
2026-09-16T05:28:58Z,92f6926,main,spectral/photon_energy,19,floor_subtracted,1347.0000
2026-09-16T05:28:58Z,92f6926,main,spectral/photon_energy_ev,29,floor_subtracted,1347.0000
2026-09-16T05:28:58Z,92f6926,main,spectral/wien_peak,10,floor_subtracted,1347.0000
2026-09-16T05:28:58Z,92f6926,main,spectral/rgb_luminance,20,floor_subtracted,1347.0000
2026-09-16T05:28:58Z,92f6926,main,spectral/rgb_to_u8,75,floor_subtracted,1347.0000
2026-09-16T05:28:58Z,92f6926,main,spectral/xyz_to_xyy,27,floor_subtracted,1347.0000
2026-09-16T05:28:58Z,92f6926,main,spectral/cct_from_xy,33,floor_subtracted,1347.0000
2026-09-16T05:28:58Z,92f6926,main,spectral/linear_srgb_to_xyz,59,floor_subtracted,1347.0000
2026-09-16T05:28:58Z,92f6926,main,spectral/xyz_to_linear_srgb,58,floor_subtracted,1347.0000
2026-09-16T05:28:58Z,92f6926,main,spectral/cie_cmf_at,66,floor_subtracted,1347.0000
2026-09-16T05:28:58Z,92f6926,main,spectral/linear_to_srgb_gamma,127,floor_subtracted,1347.0000
2026-09-16T05:28:58Z,92f6926,main,spectral/xyz_to_srgb,472,floor_subtracted,1347.0000
2026-09-16T05:28:58Z,92f6926,main,spectral/spd_to_srgb,1996.0000,floor_subtracted,1347.0000
2026-09-16T05:28:58Z,92f6926,main,spectral/cri_special,264418.0000,floor_subtracted,1347.0000
2026-09-16T05:28:58Z,92f6926,main,pbr/distribution_beckmann,62,floor_subtracted,1347.0000
2026-09-16T05:28:58Z,92f6926,main,pbr/fresnel_schlick_rgb,24,floor_subtracted,1347.0000
2026-09-16T05:28:58Z,92f6926,main,pbr/geometry_schlick_ggx,19,floor_subtracted,1347.0000
2026-09-16T05:28:58Z,92f6926,main,pbr/geometry_smith,41,floor_subtracted,1347.0000
2026-09-16T05:28:58Z,92f6926,main,pbr/ior_to_f0,7,floor_subtracted,1347.0000
2026-09-16T05:28:58Z,92f6926,main,pbr/lambert_diffuse,8,floor_subtracted,1347.0000
2026-09-16T05:28:58Z,92f6926,main,pbr/lambert_diffuse_rgb,15,floor_subtracted,1347.0000
2026-09-16T05:28:58Z,92f6926,main,pbr/clearcoat_blend,33,floor_subtracted,1347.0000
2026-09-16T05:28:58Z,92f6926,main,pbr/clearcoat_brdf,61,floor_subtracted,1347.0000
2026-09-16T05:28:58Z,92f6926,main,pbr/geometry_ggx_aniso,30,floor_subtracted,1347.0000
2026-09-16T05:28:58Z,92f6926,main,pbr/iridescence_rgb,357,floor_subtracted,1347.0000
2026-09-16T05:28:58Z,92f6926,main,pbr/phase_rayleigh,8,floor_subtracted,1347.0000
2026-09-16T05:28:58Z,92f6926,main,pbr/sample_cosine_pdf,10,floor_subtracted,1347.0000
2026-09-16T05:28:58Z,92f6926,main,pbr/sample_ggx,107,floor_subtracted,1347.0000
2026-09-16T05:28:58Z,92f6926,main,pbr/sample_ggx_pdf,36,floor_subtracted,1347.0000
2026-09-16T05:28:58Z,92f6926,main,pbr/sheen_ashikhmin,15,floor_subtracted,1347.0000
2026-09-16T05:28:58Z,92f6926,main,pbr/sheen_charlie,151,floor_subtracted,1347.0000
2026-09-16T05:28:58Z,92f6926,main,pbr/single_scatter_inscattering,58,floor_subtracted,1347.0000
2026-09-16T05:28:58Z,92f6926,main,pbr/split_sum_scale_bias,105,floor_subtracted,1347.0000
2026-09-16T05:28:58Z,92f6926,main,pbr/subsurface_diffuse,46,floor_subtracted,1347.0000
2026-09-16T05:28:58Z,92f6926,main,pbr/volume_transmittance,40,floor_subtracted,1347.0000
2026-09-16T05:28:58Z,92f6926,main,lens/magnification,6,floor_subtracted,1347.0000
2026-09-16T05:28:58Z,92f6926,main,lens/lensmaker_focal_length,14,floor_subtracted,1347.0000
2026-09-16T05:28:58Z,92f6926,main,lens/optical_power,9,floor_subtracted,1347.0000
2026-09-16T05:28:58Z,92f6926,main,lens/mirror_focal_length,6,floor_subtracted,1347.0000
2026-09-16T05:28:58Z,92f6926,main,lens/combined_focal_length,10,floor_subtracted,1347.0000
2026-09-16T05:28:58Z,92f6926,main,lens/depth_of_field,20,floor_subtracted,1347.0000
2026-09-16T05:28:58Z,92f6926,main,lens/cardinal_points,54,floor_subtracted,1347.0000
2026-09-16T05:28:58Z,92f6926,main,lens/f_number,6,floor_subtracted,1347.0000
2026-09-16T05:28:58Z,92f6926,main,lens/aperture_from_f_number,6,floor_subtracted,1347.0000
2026-09-16T05:28:58Z,92f6926,main,lens/numerical_aperture,52,floor_subtracted,1347.0000
2026-09-16T05:28:58Z,92f6926,main,lens/na_from_f_number,6,floor_subtracted,1347.0000
2026-09-16T05:28:58Z,92f6926,main,lens/diffraction_limit,11,floor_subtracted,1347.0000
2026-09-16T05:28:58Z,92f6926,main,lens/airy_disk_radius,9,floor_subtracted,1347.0000
2026-09-16T05:28:58Z,92f6926,main,lens/field_of_view,71,floor_subtracted,1347.0000
2026-09-16T05:28:58Z,92f6926,main,lens/field_of_view_diagonal,104,floor_subtracted,1347.0000
2026-09-16T05:28:58Z,92f6926,main,lens/mtf_cutoff_frequency,6,floor_subtracted,1347.0000
2026-09-16T05:28:58Z,92f6926,main,lens/shape_factor,9,floor_subtracted,1347.0000
2026-09-16T05:28:58Z,92f6926,main,lens/conjugate_factor,9,floor_subtracted,1347.0000
2026-09-16T05:28:58Z,92f6926,main,lens/chromatic_aberration,6,floor_subtracted,1347.0000
2026-09-16T05:28:58Z,92f6926,main,lens/petzval_sum,18,floor_subtracted,1347.0000
2026-09-16T05:28:58Z,92f6926,main,wave/double_slit_intensity,165,floor_subtracted,1347.0000
2026-09-16T05:28:58Z,92f6926,main,wave/is_constructive,16,floor_subtracted,1347.0000
2026-09-16T05:28:58Z,92f6926,main,wave/is_destructive,17,floor_subtracted,1347.0000
2026-09-16T05:28:58Z,92f6926,main,wave/path_to_phase,6,floor_subtracted,1347.0000
2026-09-16T05:28:58Z,92f6926,main,wave/thin_film_reflectance,59,floor_subtracted,1347.0000
2026-09-16T05:28:58Z,92f6926,main,wave/polarization_intensity,9,floor_subtracted,1347.0000
2026-09-16T05:28:58Z,92f6926,main,wave/polarization_through_polarizer,110,floor_subtracted,1347.0000
2026-09-16T05:28:58Z,92f6926,main,wave/mueller_polarizer,132,floor_subtracted,1347.0000
2026-09-16T05:28:58Z,92f6926,main,wave/mueller_retarder,139,floor_subtracted,1347.0000
2026-09-16T05:28:58Z,92f6926,main,wave/mueller_multiply,875,floor_subtracted,1347.0000
2026-09-16T05:28:58Z,92f6926,main,wave/mueller_apply,137,floor_subtracted,1347.0000
2026-09-16T05:28:58Z,92f6926,main,wave/fraunhofer_rect,235,floor_subtracted,1347.0000
2026-09-16T05:28:58Z,92f6926,main,wave/fresnel_integral_s,133,floor_subtracted,1347.0000
2026-09-16T05:28:58Z,92f6926,main,wave/fresnel_edge_intensity,135,floor_subtracted,1347.0000
2026-09-16T05:28:58Z,92f6926,main,wave/coherence_length,6,floor_subtracted,1347.0000
2026-09-16T05:28:58Z,92f6926,main,wave/coherence_time,11,floor_subtracted,1347.0000
2026-09-16T05:28:58Z,92f6926,main,ray/beer_lambert,43,floor_subtracted,1347.0000
2026-09-16T05:28:58Z,92f6926,main,ray/brewster_angle,58,floor_subtracted,1347.0000
2026-09-16T05:28:58Z,92f6926,main,ray/fresnel_normal,7,floor_subtracted,1347.0000
2026-09-16T05:28:58Z,92f6926,main,ray/fresnel_p,12,floor_subtracted,1347.0000
2026-09-16T05:28:58Z,92f6926,main,ray/fresnel_s,12,floor_subtracted,1347.0000
2026-09-16T05:28:58Z,92f6926,main,ray/snell_3d,90,floor_subtracted,1347.0000
2026-09-16T05:28:58Z,92f6926,main,atmosphere/king_factor,20,floor_subtracted,1347.0000
2026-09-16T05:28:58Z,92f6926,main,atmosphere/optical_depth_rayleigh,21,floor_subtracted,1347.0000
2026-09-16T05:28:58Z,92f6926,main,atmosphere/rayleigh_scattering_coefficient,15,floor_subtracted,1347.0000
2026-09-16T05:28:58Z,92f6926,main,atmosphere/air_mass,168,floor_subtracted,1347.0000
2026-09-16T05:28:58Z,92f6926,main,atmosphere/atmospheric_transmittance,239,floor_subtracted,1347.0000
2026-09-16T05:28:58Z,92f6926,main,atmosphere/scattering_angle,250,floor_subtracted,1347.0000
2026-09-16T05:28:58Z,92f6926,main,atmosphere/sunlight_color,735,floor_subtracted,1347.0000
2026-09-16T05:28:58Z,92f6926,main,atmosphere/sunset_gradient,677,floor_subtracted,1347.0000
2026-09-16T05:28:58Z,92f6926,main,ray/cauchy_n_at,8,floor_subtracted,1347.0000
2026-09-16T05:28:58Z,92f6926,main,ray/schott_n_at,26,floor_subtracted,1347.0000
2026-09-16T05:28:58Z,92f6926,main,ray/abbe_number,116,floor_subtracted,1347.0000
2026-09-16T05:28:58Z,92f6926,main,ray/prism_deviation,129,floor_subtracted,1347.0000
2026-09-16T05:28:58Z,92f6926,main,ray/prism_dispersion,157,floor_subtracted,1347.0000
2026-09-16T05:28:58Z,92f6926,main,ray/prism_angular_spread,332,floor_subtracted,1347.0000
2026-09-16T05:28:58Z,92f6926,main,ray/critical_angle,82,floor_subtracted,1347.0000
2026-09-16T05:28:58Z,92f6926,main,ray/reflect_2d,25,floor_subtracted,1347.0000
2026-09-16T05:28:58Z,92f6926,main,ray/reflect_3d,30,floor_subtracted,1347.0000
2026-09-16T05:28:58Z,92f6926,main,ray/refract_3d,52,floor_subtracted,1347.0000
2026-09-16T05:28:58Z,92f6926,main,ray/find_system_properties,716,floor_subtracted,1347.0000
2026-09-16T05:28:58Z,92f6926,main,ray/optical_path_length,603,floor_subtracted,1347.0000
2026-09-22T07:34:30Z,11eb34c,main,ray/fresnel_unpolarized,113,floor_subtracted,361
2026-09-22T07:34:30Z,11eb34c,main,ray/fiber_na,8,floor_subtracted,361
2026-09-22T07:34:30Z,11eb34c,main,ray/v_number,8,floor_subtracted,361
2026-09-22T07:34:30Z,11eb34c,main,ray/sellmeier_n_at,31,floor_subtracted,361
2026-09-22T07:34:30Z,11eb34c,main,spectral/wavelength_to_rgb,41,floor_subtracted,361
2026-09-22T07:34:30Z,11eb34c,main,spectral/planck_radiance,107,floor_subtracted,361
2026-09-22T07:34:30Z,11eb34c,main,spectral/spd_at,30,floor_subtracted,361
2026-09-22T07:34:30Z,11eb34c,main,wave/single_slit_intensity,107,floor_subtracted,361
2026-09-22T07:34:30Z,11eb34c,main,wave/malus_law,47,floor_subtracted,361
2026-09-22T07:34:30Z,11eb34c,main,wave/bessel_j1,54,floor_subtracted,361
2026-09-22T07:34:30Z,11eb34c,main,wave/airy_pattern,192,floor_subtracted,361
2026-09-22T07:34:30Z,11eb34c,main,wave/fresnel_integral_c,122,floor_subtracted,361
2026-09-22T07:34:30Z,11eb34c,main,wave/coating_reflectance,90,floor_subtracted,361
2026-09-22T07:34:30Z,11eb34c,main,wave/multilayer_rt,865,floor_subtracted,361
2026-09-22T07:34:30Z,11eb34c,main,wave/zernike_poly,95,floor_subtracted,361
2026-09-22T07:34:30Z,11eb34c,main,wave/diffraction_pattern_2d_8x8,13218.0000,floor_subtracted,361
2026-09-22T07:34:30Z,11eb34c,main,pbr/fresnel_schlick,11,floor_subtracted,361
2026-09-22T07:34:30Z,11eb34c,main,pbr/distribution_ggx,16,floor_subtracted,361
2026-09-22T07:34:30Z,11eb34c,main,pbr/cook_torrance,74,floor_subtracted,361
2026-09-22T07:34:30Z,11eb34c,main,pbr/iridescence_fresnel,109,floor_subtracted,361
2026-09-22T07:34:30Z,11eb34c,main,pbr/henyey_greenstein,17,floor_subtracted,361
2026-09-22T07:34:30Z,11eb34c,main,lens/mtf_diffraction_limited,91,floor_subtracted,361
2026-09-22T07:34:30Z,11eb34c,main,lens/seidel_coefficients,59,floor_subtracted,361
2026-09-22T07:34:30Z,11eb34c,main,atmosphere/rayleigh_cross_section,8,floor_subtracted,361
2026-09-22T07:34:30Z,11eb34c,main,atmosphere/mie_phase_cornette_shanks,20,floor_subtracted,361
2026-09-22T07:34:30Z,11eb34c,main,atmosphere/sky_color_rgb,810,floor_subtracted,361
2026-09-22T07:34:30Z,11eb34c,main,bridge/stellar_temperature_to_rgb,105,floor_subtracted,361
2026-09-22T07:34:30Z,11eb34c,main,serialize/rgb_to_json,2189.0000,floor_subtracted,361
2026-09-22T07:34:30Z,11eb34c,main,serialize/prescription_to_json,19980.0000,floor_subtracted,361
2026-09-22T07:34:30Z,11eb34c,main,serialize/spd_to_json,65434.0000,floor_subtracted,361
2026-09-22T07:34:30Z,11eb34c,main,spectral/spd_to_xyz,1386.0000,floor_subtracted,361
2026-09-22T07:34:30Z,11eb34c,main,spectral/spd_blackbody,9070.0000,floor_subtracted,361
2026-09-22T07:34:30Z,11eb34c,main,spectral/luminous_flux,2483.0000,floor_subtracted,361
2026-09-22T07:34:30Z,11eb34c,main,spectral/color_rendering_index,273731.0000,floor_subtracted,361
2026-09-22T07:34:30Z,11eb34c,main,ray/trace_surface,143,floor_subtracted,361
2026-09-22T07:34:30Z,11eb34c,main,ray/trace_sequential,446,floor_subtracted,361
2026-09-22T07:34:30Z,11eb34c,main,ray/spot_diagram,14378.0000,floor_subtracted,361
2026-09-22T07:34:30Z,11eb34c,main,wave/interference_pattern_16x16,88956.0000,floor_subtracted,361
2026-09-22T07:34:30Z,11eb34c,main,wave/pattern2d_normalized_64x64,11141.0000,floor_subtracted,361
2026-09-22T07:34:30Z,11eb34c,main,spectral/wavelength_to_frequency,11,floor_subtracted,361
2026-09-22T07:34:30Z,11eb34c,main,spectral/frequency_to_wavelength,7,floor_subtracted,361
2026-09-22T07:34:30Z,11eb34c,main,spectral/photon_energy,17,floor_subtracted,361
2026-09-22T07:34:30Z,11eb34c,main,spectral/photon_energy_ev,26,floor_subtracted,361
2026-09-22T07:34:30Z,11eb34c,main,spectral/wien_peak,10,floor_subtracted,361
2026-09-22T07:34:30Z,11eb34c,main,spectral/rgb_luminance,18,floor_subtracted,361
2026-09-22T07:34:30Z,11eb34c,main,spectral/rgb_to_u8,68,floor_subtracted,361
2026-09-22T07:34:30Z,11eb34c,main,spectral/xyz_to_xyy,24,floor_subtracted,361
2026-09-22T07:34:30Z,11eb34c,main,spectral/cct_from_xy,32,floor_subtracted,361
2026-09-22T07:34:30Z,11eb34c,main,spectral/linear_srgb_to_xyz,53,floor_subtracted,361
2026-09-22T07:34:30Z,11eb34c,main,spectral/xyz_to_linear_srgb,52,floor_subtracted,361
2026-09-22T07:34:30Z,11eb34c,main,spectral/cie_cmf_at,67,floor_subtracted,361
2026-09-22T07:34:30Z,11eb34c,main,spectral/linear_to_srgb_gamma,115,floor_subtracted,361
2026-09-22T07:34:30Z,11eb34c,main,spectral/xyz_to_srgb,433,floor_subtracted,361
2026-09-22T07:34:30Z,11eb34c,main,spectral/spd_to_srgb,1844.0000,floor_subtracted,361
2026-09-22T07:34:30Z,11eb34c,main,spectral/cri_special,247268.0000,floor_subtracted,361
2026-09-22T07:34:30Z,11eb34c,main,pbr/distribution_beckmann,57,floor_subtracted,361
2026-09-22T07:34:30Z,11eb34c,main,pbr/fresnel_schlick_rgb,23,floor_subtracted,361
2026-09-22T07:34:30Z,11eb34c,main,pbr/geometry_schlick_ggx,18,floor_subtracted,361
2026-09-22T07:34:30Z,11eb34c,main,pbr/geometry_smith,38,floor_subtracted,361
2026-09-22T07:34:30Z,11eb34c,main,pbr/ior_to_f0,7,floor_subtracted,361
2026-09-22T07:34:30Z,11eb34c,main,pbr/lambert_diffuse,7,floor_subtracted,361
2026-09-22T07:34:30Z,11eb34c,main,pbr/lambert_diffuse_rgb,14,floor_subtracted,361
2026-09-22T07:34:30Z,11eb34c,main,pbr/clearcoat_blend,31,floor_subtracted,361
2026-09-22T07:34:30Z,11eb34c,main,pbr/clearcoat_brdf,56,floor_subtracted,361
2026-09-22T07:34:30Z,11eb34c,main,pbr/geometry_ggx_aniso,27,floor_subtracted,361
2026-09-22T07:34:30Z,11eb34c,main,pbr/iridescence_rgb,317,floor_subtracted,361
2026-09-22T07:34:30Z,11eb34c,main,pbr/phase_rayleigh,7,floor_subtracted,361
2026-09-22T07:34:30Z,11eb34c,main,pbr/sample_cosine_pdf,9,floor_subtracted,361
2026-09-22T07:34:30Z,11eb34c,main,pbr/sample_ggx,92,floor_subtracted,361
2026-09-22T07:34:30Z,11eb34c,main,pbr/sample_ggx_pdf,31,floor_subtracted,361
2026-09-22T07:34:30Z,11eb34c,main,pbr/sheen_ashikhmin,13,floor_subtracted,361
2026-09-22T07:34:30Z,11eb34c,main,pbr/sheen_charlie,135,floor_subtracted,361
2026-09-22T07:34:30Z,11eb34c,main,pbr/single_scatter_inscattering,51,floor_subtracted,361
2026-09-22T07:34:30Z,11eb34c,main,pbr/split_sum_scale_bias,94,floor_subtracted,361
2026-09-22T07:34:30Z,11eb34c,main,pbr/subsurface_diffuse,42,floor_subtracted,361
2026-09-22T07:34:30Z,11eb34c,main,pbr/volume_transmittance,37,floor_subtracted,361
2026-09-22T07:34:30Z,11eb34c,main,lens/magnification,6,floor_subtracted,361
2026-09-22T07:34:30Z,11eb34c,main,lens/lensmaker_focal_length,12,floor_subtracted,361
2026-09-22T07:34:30Z,11eb34c,main,lens/optical_power,8,floor_subtracted,361
2026-09-22T07:34:30Z,11eb34c,main,lens/mirror_focal_length,5,floor_subtracted,361
2026-09-22T07:34:30Z,11eb34c,main,lens/combined_focal_length,9,floor_subtracted,361
2026-09-22T07:34:30Z,11eb34c,main,lens/depth_of_field,19,floor_subtracted,361
2026-09-22T07:34:30Z,11eb34c,main,lens/cardinal_points,53,floor_subtracted,361
2026-09-22T07:34:30Z,11eb34c,main,lens/f_number,6,floor_subtracted,361
2026-09-22T07:34:30Z,11eb34c,main,lens/aperture_from_f_number,6,floor_subtracted,361
2026-09-22T07:34:30Z,11eb34c,main,lens/numerical_aperture,50,floor_subtracted,361
2026-09-22T07:34:30Z,11eb34c,main,lens/na_from_f_number,6,floor_subtracted,361
2026-09-22T07:34:30Z,11eb34c,main,lens/diffraction_limit,12,floor_subtracted,361
2026-09-22T07:34:30Z,11eb34c,main,lens/airy_disk_radius,10,floor_subtracted,361
2026-09-22T07:34:30Z,11eb34c,main,lens/field_of_view,64,floor_subtracted,361
2026-09-22T07:34:30Z,11eb34c,main,lens/field_of_view_diagonal,91,floor_subtracted,361
2026-09-22T07:34:30Z,11eb34c,main,lens/mtf_cutoff_frequency,6,floor_subtracted,361
2026-09-22T07:34:30Z,11eb34c,main,lens/shape_factor,8,floor_subtracted,361
2026-09-22T07:34:30Z,11eb34c,main,lens/conjugate_factor,8,floor_subtracted,361
2026-09-22T07:34:30Z,11eb34c,main,lens/chromatic_aberration,6,floor_subtracted,361
2026-09-22T07:34:30Z,11eb34c,main,lens/petzval_sum,17,floor_subtracted,361
2026-09-22T07:34:30Z,11eb34c,main,wave/double_slit_intensity,147,floor_subtracted,361
2026-09-22T07:34:30Z,11eb34c,main,wave/is_constructive,14,floor_subtracted,361
2026-09-22T07:34:30Z,11eb34c,main,wave/is_destructive,15,floor_subtracted,361
2026-09-22T07:34:30Z,11eb34c,main,wave/path_to_phase,6,floor_subtracted,361
2026-09-22T07:34:30Z,11eb34c,main,wave/thin_film_reflectance,52,floor_subtracted,361
2026-09-22T07:34:30Z,11eb34c,main,wave/polarization_intensity,8,floor_subtracted,361
2026-09-22T07:34:30Z,11eb34c,main,wave/polarization_through_polarizer,98,floor_subtracted,361
2026-09-22T07:34:30Z,11eb34c,main,wave/mueller_polarizer,121,floor_subtracted,361
2026-09-22T07:34:30Z,11eb34c,main,wave/mueller_retarder,130,floor_subtracted,361
2026-09-22T07:34:30Z,11eb34c,main,wave/mueller_multiply,801,floor_subtracted,361
2026-09-22T07:34:30Z,11eb34c,main,wave/mueller_apply,127,floor_subtracted,361
2026-09-22T07:34:30Z,11eb34c,main,wave/fraunhofer_rect,219,floor_subtracted,361
2026-09-22T07:34:30Z,11eb34c,main,wave/fresnel_integral_s,115,floor_subtracted,361
2026-09-22T07:34:30Z,11eb34c,main,wave/fresnel_edge_intensity,127,floor_subtracted,361
2026-09-22T07:34:30Z,11eb34c,main,wave/coherence_length,6,floor_subtracted,361
2026-09-22T07:34:30Z,11eb34c,main,wave/coherence_time,11,floor_subtracted,361
2026-09-22T07:34:30Z,11eb34c,main,ray/beer_lambert,40,floor_subtracted,361
2026-09-22T07:34:30Z,11eb34c,main,ray/brewster_angle,52,floor_subtracted,361
2026-09-22T07:34:30Z,11eb34c,main,ray/fresnel_normal,7,floor_subtracted,361
2026-09-22T07:34:30Z,11eb34c,main,ray/fresnel_p,12,floor_subtracted,361
2026-09-22T07:34:30Z,11eb34c,main,ray/fresnel_s,12,floor_subtracted,361
2026-09-22T07:34:30Z,11eb34c,main,ray/snell_3d,85,floor_subtracted,361
2026-09-22T07:34:30Z,11eb34c,main,atmosphere/king_factor,18,floor_subtracted,361
2026-09-22T07:34:30Z,11eb34c,main,atmosphere/optical_depth_rayleigh,16,floor_subtracted,361
2026-09-22T07:34:30Z,11eb34c,main,atmosphere/rayleigh_scattering_coefficient,12,floor_subtracted,361
2026-09-22T07:34:30Z,11eb34c,main,atmosphere/air_mass,154,floor_subtracted,361
2026-09-22T07:34:30Z,11eb34c,main,atmosphere/atmospheric_transmittance,213,floor_subtracted,361
2026-09-22T07:34:30Z,11eb34c,main,atmosphere/scattering_angle,232,floor_subtracted,361
2026-09-22T07:34:30Z,11eb34c,main,atmosphere/sunlight_color,662,floor_subtracted,361
2026-09-22T07:34:30Z,11eb34c,main,atmosphere/sunset_gradient,627,floor_subtracted,361
2026-09-22T07:34:30Z,11eb34c,main,ray/cauchy_n_at,7,floor_subtracted,361
2026-09-22T07:34:30Z,11eb34c,main,ray/schott_n_at,24,floor_subtracted,361
2026-09-22T07:34:30Z,11eb34c,main,ray/abbe_number,107,floor_subtracted,361
2026-09-22T07:34:30Z,11eb34c,main,ray/prism_deviation,119,floor_subtracted,361
2026-09-22T07:34:30Z,11eb34c,main,ray/prism_dispersion,144,floor_subtracted,361
2026-09-22T07:34:30Z,11eb34c,main,ray/prism_angular_spread,304,floor_subtracted,361
2026-09-22T07:34:30Z,11eb34c,main,ray/critical_angle,76,floor_subtracted,361
2026-09-22T07:34:30Z,11eb34c,main,ray/reflect_2d,24,floor_subtracted,361
2026-09-22T07:34:30Z,11eb34c,main,ray/reflect_3d,28,floor_subtracted,361
2026-09-22T07:34:30Z,11eb34c,main,ray/refract_3d,50,floor_subtracted,361
2026-09-22T07:34:30Z,11eb34c,main,ray/find_system_properties,677,floor_subtracted,361
2026-09-22T07:34:30Z,11eb34c,main,ray/optical_path_length,562,floor_subtracted,361
2026-09-22T07:49:29Z,11eb34c,main,ray/fresnel_unpolarized,109,floor_subtracted,339
2026-09-22T07:49:29Z,11eb34c,main,ray/fiber_na,8,floor_subtracted,339
2026-09-22T07:49:29Z,11eb34c,main,ray/v_number,8,floor_subtracted,339
2026-09-22T07:49:29Z,11eb34c,main,ray/sellmeier_n_at,32,floor_subtracted,339
2026-09-22T07:49:29Z,11eb34c,main,spectral/wavelength_to_rgb,44,floor_subtracted,339
2026-09-22T07:49:29Z,11eb34c,main,spectral/planck_radiance,106,floor_subtracted,339
2026-09-22T07:49:29Z,11eb34c,main,spectral/spd_at,29,floor_subtracted,339
2026-09-22T07:49:29Z,11eb34c,main,wave/single_slit_intensity,108,floor_subtracted,339
2026-09-22T07:49:29Z,11eb34c,main,wave/malus_law,50,floor_subtracted,339
2026-09-22T07:49:29Z,11eb34c,main,wave/bessel_j1,55,floor_subtracted,339
2026-09-22T07:49:29Z,11eb34c,main,wave/airy_pattern,197,floor_subtracted,339
2026-09-22T07:49:29Z,11eb34c,main,wave/fresnel_integral_c,122,floor_subtracted,339
2026-09-22T07:49:29Z,11eb34c,main,wave/coating_reflectance,102,floor_subtracted,339
2026-09-22T07:49:29Z,11eb34c,main,wave/multilayer_rt,861,floor_subtracted,339
2026-09-22T07:49:29Z,11eb34c,main,wave/zernike_poly,98,floor_subtracted,339
2026-09-22T07:49:29Z,11eb34c,main,wave/diffraction_pattern_2d_8x8,13702.0000,floor_subtracted,339
2026-09-22T07:49:29Z,11eb34c,main,pbr/fresnel_schlick,11,floor_subtracted,339
2026-09-22T07:49:29Z,11eb34c,main,pbr/distribution_ggx,16,floor_subtracted,339
2026-09-22T07:49:29Z,11eb34c,main,pbr/cook_torrance,74,floor_subtracted,339
2026-09-22T07:49:29Z,11eb34c,main,pbr/iridescence_fresnel,112,floor_subtracted,339
2026-09-22T07:49:29Z,11eb34c,main,pbr/henyey_greenstein,17,floor_subtracted,339
2026-09-22T07:49:29Z,11eb34c,main,lens/mtf_diffraction_limited,92,floor_subtracted,339
2026-09-22T07:49:29Z,11eb34c,main,lens/seidel_coefficients,62,floor_subtracted,339
2026-09-22T07:49:29Z,11eb34c,main,atmosphere/rayleigh_cross_section,8,floor_subtracted,339
2026-09-22T07:49:29Z,11eb34c,main,atmosphere/mie_phase_cornette_shanks,20,floor_subtracted,339
2026-09-22T07:49:29Z,11eb34c,main,atmosphere/sky_color_rgb,837,floor_subtracted,339
2026-09-22T07:49:29Z,11eb34c,main,bridge/stellar_temperature_to_rgb,106,floor_subtracted,339
2026-09-22T07:49:29Z,11eb34c,main,serialize/rgb_to_json,2212.0000,floor_subtracted,339
2026-09-22T07:49:29Z,11eb34c,main,serialize/prescription_to_json,19762.0000,floor_subtracted,339
2026-09-22T07:49:29Z,11eb34c,main,serialize/spd_to_json,65166.0000,floor_subtracted,339
2026-09-22T07:49:29Z,11eb34c,main,spectral/spd_to_xyz,1399.0000,floor_subtracted,339
2026-09-22T07:49:29Z,11eb34c,main,spectral/spd_blackbody,9113.0000,floor_subtracted,339
2026-09-22T07:49:29Z,11eb34c,main,spectral/luminous_flux,2465.0000,floor_subtracted,339
2026-09-22T07:49:29Z,11eb34c,main,spectral/color_rendering_index,272695.0000,floor_subtracted,339
2026-09-22T07:49:29Z,11eb34c,main,ray/trace_surface,134,floor_subtracted,339
2026-09-22T07:49:29Z,11eb34c,main,ray/trace_sequential,444,floor_subtracted,339
2026-09-22T07:49:29Z,11eb34c,main,ray/spot_diagram,14433.0000,floor_subtracted,339
2026-09-22T07:49:29Z,11eb34c,main,wave/interference_pattern_16x16,88052.0000,floor_subtracted,339
2026-09-22T07:49:29Z,11eb34c,main,wave/pattern2d_normalized_64x64,11203.0000,floor_subtracted,339
2026-09-22T07:49:29Z,11eb34c,main,spectral/wavelength_to_frequency,11,floor_subtracted,339
2026-09-22T07:49:29Z,11eb34c,main,spectral/frequency_to_wavelength,8,floor_subtracted,339
2026-09-22T07:49:29Z,11eb34c,main,spectral/photon_energy,16,floor_subtracted,339
2026-09-22T07:49:29Z,11eb34c,main,spectral/photon_energy_ev,26,floor_subtracted,339
2026-09-22T07:49:29Z,11eb34c,main,spectral/wien_peak,8,floor_subtracted,339
2026-09-22T07:49:29Z,11eb34c,main,spectral/rgb_luminance,17,floor_subtracted,339
2026-09-22T07:49:29Z,11eb34c,main,spectral/rgb_to_u8,69,floor_subtracted,339
2026-09-22T07:49:29Z,11eb34c,main,spectral/xyz_to_xyy,24,floor_subtracted,339
2026-09-22T07:49:29Z,11eb34c,main,spectral/cct_from_xy,31,floor_subtracted,339
2026-09-22T07:49:29Z,11eb34c,main,spectral/linear_srgb_to_xyz,54,floor_subtracted,339
2026-09-22T07:49:29Z,11eb34c,main,spectral/xyz_to_linear_srgb,54,floor_subtracted,339
2026-09-22T07:49:29Z,11eb34c,main,spectral/cie_cmf_at,61,floor_subtracted,339
2026-09-22T07:49:29Z,11eb34c,main,spectral/linear_to_srgb_gamma,117,floor_subtracted,339
2026-09-22T07:49:29Z,11eb34c,main,spectral/xyz_to_srgb,441,floor_subtracted,339
2026-09-22T07:49:29Z,11eb34c,main,spectral/spd_to_srgb,1850.0000,floor_subtracted,339
2026-09-22T07:49:29Z,11eb34c,main,spectral/cri_special,248120.0000,floor_subtracted,339
2026-09-22T07:49:29Z,11eb34c,main,pbr/distribution_beckmann,58,floor_subtracted,339
2026-09-22T07:49:29Z,11eb34c,main,pbr/fresnel_schlick_rgb,24,floor_subtracted,339
2026-09-22T07:49:29Z,11eb34c,main,pbr/geometry_schlick_ggx,19,floor_subtracted,339
2026-09-22T07:49:29Z,11eb34c,main,pbr/geometry_smith,38,floor_subtracted,339
2026-09-22T07:49:29Z,11eb34c,main,pbr/ior_to_f0,6,floor_subtracted,339
2026-09-22T07:49:29Z,11eb34c,main,pbr/lambert_diffuse,6,floor_subtracted,339
2026-09-22T07:49:29Z,11eb34c,main,pbr/lambert_diffuse_rgb,14,floor_subtracted,339
2026-09-22T07:49:29Z,11eb34c,main,pbr/clearcoat_blend,29,floor_subtracted,339
2026-09-22T07:49:29Z,11eb34c,main,pbr/clearcoat_brdf,57,floor_subtracted,339
2026-09-22T07:49:29Z,11eb34c,main,pbr/geometry_ggx_aniso,26,floor_subtracted,339
2026-09-22T07:49:29Z,11eb34c,main,pbr/iridescence_rgb,320,floor_subtracted,339
2026-09-22T07:49:29Z,11eb34c,main,pbr/phase_rayleigh,7,floor_subtracted,339
2026-09-22T07:49:29Z,11eb34c,main,pbr/sample_cosine_pdf,9,floor_subtracted,339
2026-09-22T07:49:29Z,11eb34c,main,pbr/sample_ggx,96,floor_subtracted,339
2026-09-22T07:49:29Z,11eb34c,main,pbr/sample_ggx_pdf,32,floor_subtracted,339
2026-09-22T07:49:29Z,11eb34c,main,pbr/sheen_ashikhmin,13,floor_subtracted,339
2026-09-22T07:49:29Z,11eb34c,main,pbr/sheen_charlie,136,floor_subtracted,339
2026-09-22T07:49:29Z,11eb34c,main,pbr/single_scatter_inscattering,52,floor_subtracted,339
2026-09-22T07:49:29Z,11eb34c,main,pbr/split_sum_scale_bias,97,floor_subtracted,339
2026-09-22T07:49:29Z,11eb34c,main,pbr/subsurface_diffuse,41,floor_subtracted,339
2026-09-22T07:49:29Z,11eb34c,main,pbr/volume_transmittance,38,floor_subtracted,339
2026-09-22T07:49:29Z,11eb34c,main,lens/magnification,5,floor_subtracted,339
2026-09-22T07:49:29Z,11eb34c,main,lens/lensmaker_focal_length,13,floor_subtracted,339
2026-09-22T07:49:29Z,11eb34c,main,lens/optical_power,8,floor_subtracted,339
2026-09-22T07:49:29Z,11eb34c,main,lens/mirror_focal_length,5,floor_subtracted,339
2026-09-22T07:49:29Z,11eb34c,main,lens/combined_focal_length,9,floor_subtracted,339
2026-09-22T07:49:29Z,11eb34c,main,lens/depth_of_field,19,floor_subtracted,339
2026-09-22T07:49:29Z,11eb34c,main,lens/cardinal_points,53,floor_subtracted,339
2026-09-22T07:49:29Z,11eb34c,main,lens/f_number,6,floor_subtracted,339
2026-09-22T07:49:29Z,11eb34c,main,lens/aperture_from_f_number,5,floor_subtracted,339
2026-09-22T07:49:29Z,11eb34c,main,lens/numerical_aperture,49,floor_subtracted,339
2026-09-22T07:49:29Z,11eb34c,main,lens/na_from_f_number,5,floor_subtracted,339
2026-09-22T07:49:29Z,11eb34c,main,lens/diffraction_limit,10,floor_subtracted,339
2026-09-22T07:49:29Z,11eb34c,main,lens/airy_disk_radius,9,floor_subtracted,339
2026-09-22T07:49:29Z,11eb34c,main,lens/field_of_view,64,floor_subtracted,339
2026-09-22T07:49:29Z,11eb34c,main,lens/field_of_view_diagonal,94,floor_subtracted,339
2026-09-22T07:49:29Z,11eb34c,main,lens/mtf_cutoff_frequency,6,floor_subtracted,339
2026-09-22T07:49:29Z,11eb34c,main,lens/shape_factor,8,floor_subtracted,339
2026-09-22T07:49:29Z,11eb34c,main,lens/conjugate_factor,8,floor_subtracted,339
2026-09-22T07:49:29Z,11eb34c,main,lens/chromatic_aberration,5,floor_subtracted,339
2026-09-22T07:49:29Z,11eb34c,main,lens/petzval_sum,17,floor_subtracted,339
2026-09-22T07:49:29Z,11eb34c,main,wave/double_slit_intensity,148,floor_subtracted,339
2026-09-22T07:49:29Z,11eb34c,main,wave/is_constructive,14,floor_subtracted,339
2026-09-22T07:49:29Z,11eb34c,main,wave/is_destructive,15,floor_subtracted,339
2026-09-22T07:49:29Z,11eb34c,main,wave/path_to_phase,6,floor_subtracted,339
2026-09-22T07:49:29Z,11eb34c,main,wave/thin_film_reflectance,53,floor_subtracted,339
2026-09-22T07:49:29Z,11eb34c,main,wave/polarization_intensity,7,floor_subtracted,339
2026-09-22T07:49:29Z,11eb34c,main,wave/polarization_through_polarizer,100,floor_subtracted,339
2026-09-22T07:49:29Z,11eb34c,main,wave/mueller_polarizer,122,floor_subtracted,339
2026-09-22T07:49:29Z,11eb34c,main,wave/mueller_retarder,126,floor_subtracted,339
2026-09-22T07:49:29Z,11eb34c,main,wave/mueller_multiply,808,floor_subtracted,339
2026-09-22T07:49:29Z,11eb34c,main,wave/mueller_apply,129,floor_subtracted,339
2026-09-22T07:49:29Z,11eb34c,main,wave/fraunhofer_rect,221,floor_subtracted,339
2026-09-22T07:49:29Z,11eb34c,main,wave/fresnel_integral_s,123,floor_subtracted,339
2026-09-22T07:49:29Z,11eb34c,main,wave/fresnel_edge_intensity,138,floor_subtracted,339
2026-09-22T07:49:29Z,11eb34c,main,wave/coherence_length,6,floor_subtracted,339
2026-09-22T07:49:29Z,11eb34c,main,wave/coherence_time,9,floor_subtracted,339
2026-09-22T07:49:29Z,11eb34c,main,ray/beer_lambert,40,floor_subtracted,339
2026-09-22T07:49:29Z,11eb34c,main,ray/brewster_angle,53,floor_subtracted,339
2026-09-22T07:49:29Z,11eb34c,main,ray/fresnel_normal,6,floor_subtracted,339
2026-09-22T07:49:29Z,11eb34c,main,ray/fresnel_p,12,floor_subtracted,339
2026-09-22T07:49:29Z,11eb34c,main,ray/fresnel_s,12,floor_subtracted,339
2026-09-22T07:49:29Z,11eb34c,main,ray/snell_3d,85,floor_subtracted,339
2026-09-22T07:49:29Z,11eb34c,main,atmosphere/king_factor,19,floor_subtracted,339
2026-09-22T07:49:29Z,11eb34c,main,atmosphere/optical_depth_rayleigh,16,floor_subtracted,339
2026-09-22T07:49:29Z,11eb34c,main,atmosphere/rayleigh_scattering_coefficient,12,floor_subtracted,339
2026-09-22T07:49:29Z,11eb34c,main,atmosphere/air_mass,157,floor_subtracted,339
2026-09-22T07:49:29Z,11eb34c,main,atmosphere/atmospheric_transmittance,219,floor_subtracted,339
2026-09-22T07:49:29Z,11eb34c,main,atmosphere/scattering_angle,240,floor_subtracted,339
2026-09-22T07:49:29Z,11eb34c,main,atmosphere/sunlight_color,691,floor_subtracted,339
2026-09-22T07:49:29Z,11eb34c,main,atmosphere/sunset_gradient,642,floor_subtracted,339
2026-09-22T07:49:29Z,11eb34c,main,ray/cauchy_n_at,7,floor_subtracted,339
2026-09-22T07:49:29Z,11eb34c,main,ray/schott_n_at,25,floor_subtracted,339
2026-09-22T07:49:29Z,11eb34c,main,ray/abbe_number,111,floor_subtracted,339
2026-09-22T07:49:29Z,11eb34c,main,ray/prism_deviation,119,floor_subtracted,339
2026-09-22T07:49:29Z,11eb34c,main,ray/prism_dispersion,146,floor_subtracted,339
2026-09-22T07:49:29Z,11eb34c,main,ray/prism_angular_spread,310,floor_subtracted,339
2026-09-22T07:49:29Z,11eb34c,main,ray/critical_angle,75,floor_subtracted,339
2026-09-22T07:49:29Z,11eb34c,main,ray/reflect_2d,23,floor_subtracted,339
2026-09-22T07:49:29Z,11eb34c,main,ray/reflect_3d,28,floor_subtracted,339
2026-09-22T07:49:29Z,11eb34c,main,ray/refract_3d,50,floor_subtracted,339
2026-09-22T07:49:29Z,11eb34c,main,ray/find_system_properties,682,floor_subtracted,339
2026-09-22T07:49:29Z,11eb34c,main,ray/optical_path_length,560,floor_subtracted,339
2026-09-22T14:49:11Z,8f4e59b,main,ray/fresnel_unpolarized,113,floor_subtracted,365
2026-09-22T14:49:11Z,8f4e59b,main,ray/fiber_na,8,floor_subtracted,365
2026-09-22T14:49:11Z,8f4e59b,main,ray/v_number,8,floor_subtracted,365
2026-09-22T14:49:11Z,8f4e59b,main,ray/sellmeier_n_at,33,floor_subtracted,365
2026-09-22T14:49:11Z,8f4e59b,main,spectral/wavelength_to_rgb,41,floor_subtracted,365
2026-09-22T14:49:11Z,8f4e59b,main,spectral/planck_radiance,112,floor_subtracted,365
2026-09-22T14:49:11Z,8f4e59b,main,spectral/spd_at,32,floor_subtracted,365
2026-09-22T14:49:11Z,8f4e59b,main,wave/single_slit_intensity,116,floor_subtracted,365
2026-09-22T14:49:11Z,8f4e59b,main,wave/malus_law,51,floor_subtracted,365
2026-09-22T14:49:11Z,8f4e59b,main,wave/bessel_j1,58,floor_subtracted,365
2026-09-22T14:49:11Z,8f4e59b,main,wave/airy_pattern,209,floor_subtracted,365
2026-09-22T14:49:11Z,8f4e59b,main,wave/fresnel_integral_c,137,floor_subtracted,365
2026-09-22T14:49:11Z,8f4e59b,main,wave/coating_reflectance,113,floor_subtracted,365
2026-09-22T14:49:11Z,8f4e59b,main,wave/multilayer_rt,928,floor_subtracted,365
2026-09-22T14:49:11Z,8f4e59b,main,wave/zernike_poly,105,floor_subtracted,365
2026-09-22T14:49:11Z,8f4e59b,main,wave/diffraction_pattern_2d_8x8,14251.0000,floor_subtracted,365
2026-09-22T14:49:11Z,8f4e59b,main,pbr/fresnel_schlick,12,floor_subtracted,365
2026-09-22T14:49:11Z,8f4e59b,main,pbr/distribution_ggx,17,floor_subtracted,365
2026-09-22T14:49:11Z,8f4e59b,main,pbr/cook_torrance,79,floor_subtracted,365
2026-09-22T14:49:11Z,8f4e59b,main,pbr/iridescence_fresnel,117,floor_subtracted,365
2026-09-22T14:49:11Z,8f4e59b,main,pbr/henyey_greenstein,18,floor_subtracted,365
2026-09-22T14:49:11Z,8f4e59b,main,lens/mtf_diffraction_limited,98,floor_subtracted,365
2026-09-22T14:49:11Z,8f4e59b,main,lens/seidel_coefficients,62,floor_subtracted,365
2026-09-22T14:49:11Z,8f4e59b,main,atmosphere/rayleigh_cross_section,8,floor_subtracted,365
2026-09-22T14:49:11Z,8f4e59b,main,atmosphere/mie_phase_cornette_shanks,22,floor_subtracted,365
2026-09-22T14:49:11Z,8f4e59b,main,atmosphere/sky_color_rgb,881,floor_subtracted,365
2026-09-22T14:49:11Z,8f4e59b,main,bridge/stellar_temperature_to_rgb,108,floor_subtracted,365
2026-09-22T14:49:11Z,8f4e59b,main,serialize/rgb_to_json,2292.0000,floor_subtracted,365
2026-09-22T14:49:11Z,8f4e59b,main,serialize/prescription_to_json,20276.0000,floor_subtracted,365
2026-09-22T14:49:11Z,8f4e59b,main,serialize/spd_to_json,67224.0000,floor_subtracted,365
2026-09-22T14:49:11Z,8f4e59b,main,spectral/spd_to_xyz,1421.0000,floor_subtracted,365
2026-09-22T14:49:11Z,8f4e59b,main,spectral/spd_blackbody,9528.0000,floor_subtracted,365
2026-09-22T14:49:11Z,8f4e59b,main,spectral/luminous_flux,2755.0000,floor_subtracted,365
2026-09-22T14:49:11Z,8f4e59b,main,spectral/color_rendering_index,289165.0000,floor_subtracted,365
2026-09-22T14:49:11Z,8f4e59b,main,ray/trace_surface,137,floor_subtracted,365
2026-09-22T14:49:11Z,8f4e59b,main,ray/trace_sequential,458,floor_subtracted,365
2026-09-22T14:49:11Z,8f4e59b,main,ray/spot_diagram,14921.0000,floor_subtracted,365
2026-09-22T14:49:11Z,8f4e59b,main,wave/interference_pattern_16x16,90201.0000,floor_subtracted,365
2026-09-22T14:49:11Z,8f4e59b,main,wave/pattern2d_normalized_64x64,11330.0000,floor_subtracted,365
2026-09-22T14:49:11Z,8f4e59b,main,spectral/wavelength_to_frequency,11,floor_subtracted,365
2026-09-22T14:49:11Z,8f4e59b,main,spectral/frequency_to_wavelength,8,floor_subtracted,365
2026-09-22T14:49:11Z,8f4e59b,main,spectral/photon_energy,16,floor_subtracted,365
2026-09-22T14:49:11Z,8f4e59b,main,spectral/photon_energy_ev,26,floor_subtracted,365
2026-09-22T14:49:11Z,8f4e59b,main,spectral/wien_peak,9,floor_subtracted,365
2026-09-22T14:49:11Z,8f4e59b,main,spectral/rgb_luminance,17,floor_subtracted,365
2026-09-22T14:49:11Z,8f4e59b,main,spectral/rgb_to_u8,69,floor_subtracted,365
2026-09-22T14:49:11Z,8f4e59b,main,spectral/xyz_to_xyy,25,floor_subtracted,365
2026-09-22T14:49:11Z,8f4e59b,main,spectral/cct_from_xy,32,floor_subtracted,365
2026-09-22T14:49:11Z,8f4e59b,main,spectral/linear_srgb_to_xyz,55,floor_subtracted,365
2026-09-22T14:49:11Z,8f4e59b,main,spectral/xyz_to_linear_srgb,56,floor_subtracted,365
2026-09-22T14:49:11Z,8f4e59b,main,spectral/cie_cmf_at,63,floor_subtracted,365
2026-09-22T14:49:11Z,8f4e59b,main,spectral/linear_to_srgb_gamma,120,floor_subtracted,365
2026-09-22T14:49:11Z,8f4e59b,main,spectral/xyz_to_srgb,447,floor_subtracted,365
2026-09-22T14:49:11Z,8f4e59b,main,spectral/spd_to_srgb,1888.0000,floor_subtracted,365
2026-09-22T14:49:11Z,8f4e59b,main,spectral/cri_special,254672.0000,floor_subtracted,365
2026-09-22T14:49:11Z,8f4e59b,main,pbr/distribution_beckmann,59,floor_subtracted,365
2026-09-22T14:49:11Z,8f4e59b,main,pbr/fresnel_schlick_rgb,23,floor_subtracted,365
2026-09-22T14:49:11Z,8f4e59b,main,pbr/geometry_schlick_ggx,18,floor_subtracted,365
2026-09-22T14:49:11Z,8f4e59b,main,pbr/geometry_smith,39,floor_subtracted,365
2026-09-22T14:49:11Z,8f4e59b,main,pbr/ior_to_f0,6,floor_subtracted,365
2026-09-22T14:49:11Z,8f4e59b,main,pbr/lambert_diffuse,7,floor_subtracted,365
2026-09-22T14:49:11Z,8f4e59b,main,pbr/lambert_diffuse_rgb,14,floor_subtracted,365
2026-09-22T14:49:11Z,8f4e59b,main,pbr/clearcoat_blend,30,floor_subtracted,365
2026-09-22T14:49:11Z,8f4e59b,main,pbr/clearcoat_brdf,59,floor_subtracted,365
2026-09-22T14:49:11Z,8f4e59b,main,pbr/geometry_ggx_aniso,26,floor_subtracted,365
2026-09-22T14:49:11Z,8f4e59b,main,pbr/iridescence_rgb,328,floor_subtracted,365
2026-09-22T14:49:11Z,8f4e59b,main,pbr/phase_rayleigh,7,floor_subtracted,365
2026-09-22T14:49:11Z,8f4e59b,main,pbr/sample_cosine_pdf,9,floor_subtracted,365
2026-09-22T14:49:11Z,8f4e59b,main,pbr/sample_ggx,98,floor_subtracted,365
2026-09-22T14:49:11Z,8f4e59b,main,pbr/sample_ggx_pdf,33,floor_subtracted,365
2026-09-22T14:49:11Z,8f4e59b,main,pbr/sheen_ashikhmin,13,floor_subtracted,365
2026-09-22T14:49:11Z,8f4e59b,main,pbr/sheen_charlie,142,floor_subtracted,365
2026-09-22T14:49:11Z,8f4e59b,main,pbr/single_scatter_inscattering,55,floor_subtracted,365
2026-09-22T14:49:11Z,8f4e59b,main,pbr/split_sum_scale_bias,99,floor_subtracted,365
2026-09-22T14:49:11Z,8f4e59b,main,pbr/subsurface_diffuse,43,floor_subtracted,365
2026-09-22T14:49:11Z,8f4e59b,main,pbr/volume_transmittance,38,floor_subtracted,365
2026-09-22T14:49:11Z,8f4e59b,main,lens/magnification,5,floor_subtracted,365
2026-09-22T14:49:11Z,8f4e59b,main,lens/lensmaker_focal_length,13,floor_subtracted,365
2026-09-22T14:49:11Z,8f4e59b,main,lens/optical_power,8,floor_subtracted,365
2026-09-22T14:49:11Z,8f4e59b,main,lens/mirror_focal_length,5,floor_subtracted,365
2026-09-22T14:49:11Z,8f4e59b,main,lens/combined_focal_length,9,floor_subtracted,365
2026-09-22T14:49:11Z,8f4e59b,main,lens/depth_of_field,19,floor_subtracted,365
2026-09-22T14:49:11Z,8f4e59b,main,lens/cardinal_points,52,floor_subtracted,365
2026-09-22T14:49:11Z,8f4e59b,main,lens/f_number,6,floor_subtracted,365
2026-09-22T14:49:11Z,8f4e59b,main,lens/aperture_from_f_number,5,floor_subtracted,365
2026-09-22T14:49:11Z,8f4e59b,main,lens/numerical_aperture,50,floor_subtracted,365
2026-09-22T14:49:11Z,8f4e59b,main,lens/na_from_f_number,5,floor_subtracted,365
2026-09-22T14:49:11Z,8f4e59b,main,lens/diffraction_limit,10,floor_subtracted,365
2026-09-22T14:49:11Z,8f4e59b,main,lens/airy_disk_radius,9,floor_subtracted,365
2026-09-22T14:49:11Z,8f4e59b,main,lens/field_of_view,65,floor_subtracted,365
2026-09-22T14:49:11Z,8f4e59b,main,lens/field_of_view_diagonal,96,floor_subtracted,365
2026-09-22T14:49:11Z,8f4e59b,main,lens/mtf_cutoff_frequency,6,floor_subtracted,365
2026-09-22T14:49:11Z,8f4e59b,main,lens/shape_factor,9,floor_subtracted,365
2026-09-22T14:49:11Z,8f4e59b,main,lens/conjugate_factor,9,floor_subtracted,365
2026-09-22T14:49:11Z,8f4e59b,main,lens/chromatic_aberration,6,floor_subtracted,365
2026-09-22T14:49:11Z,8f4e59b,main,lens/petzval_sum,17,floor_subtracted,365
2026-09-22T14:49:11Z,8f4e59b,main,wave/double_slit_intensity,152,floor_subtracted,365
2026-09-22T14:49:11Z,8f4e59b,main,wave/is_constructive,15,floor_subtracted,365
2026-09-22T14:49:11Z,8f4e59b,main,wave/is_destructive,16,floor_subtracted,365
2026-09-22T14:49:11Z,8f4e59b,main,wave/path_to_phase,6,floor_subtracted,365
2026-09-22T14:49:11Z,8f4e59b,main,wave/thin_film_reflectance,53,floor_subtracted,365
2026-09-22T14:49:11Z,8f4e59b,main,wave/polarization_intensity,7,floor_subtracted,365
2026-09-22T14:49:11Z,8f4e59b,main,wave/polarization_through_polarizer,102,floor_subtracted,365
2026-09-22T14:49:11Z,8f4e59b,main,wave/mueller_polarizer,124,floor_subtracted,365
2026-09-22T14:49:11Z,8f4e59b,main,wave/mueller_retarder,129,floor_subtracted,365
2026-09-22T14:49:11Z,8f4e59b,main,wave/mueller_multiply,854,floor_subtracted,365
2026-09-22T14:49:11Z,8f4e59b,main,wave/mueller_apply,138,floor_subtracted,365
2026-09-22T14:49:11Z,8f4e59b,main,wave/fraunhofer_rect,238,floor_subtracted,365
2026-09-22T14:49:11Z,8f4e59b,main,wave/fresnel_integral_s,130,floor_subtracted,365
2026-09-22T14:49:11Z,8f4e59b,main,wave/fresnel_edge_intensity,149,floor_subtracted,365
2026-09-22T14:49:11Z,8f4e59b,main,wave/coherence_length,7,floor_subtracted,365
2026-09-22T14:49:11Z,8f4e59b,main,wave/coherence_time,9,floor_subtracted,365
2026-09-22T14:49:11Z,8f4e59b,main,ray/beer_lambert,43,floor_subtracted,365
2026-09-22T14:49:11Z,8f4e59b,main,ray/brewster_angle,57,floor_subtracted,365
2026-09-22T14:49:11Z,8f4e59b,main,ray/fresnel_normal,7,floor_subtracted,365
2026-09-22T14:49:11Z,8f4e59b,main,ray/fresnel_p,13,floor_subtracted,365
2026-09-22T14:49:11Z,8f4e59b,main,ray/fresnel_s,13,floor_subtracted,365
2026-09-22T14:49:11Z,8f4e59b,main,ray/snell_3d,88,floor_subtracted,365
2026-09-22T14:49:11Z,8f4e59b,main,atmosphere/king_factor,20,floor_subtracted,365
2026-09-22T14:49:11Z,8f4e59b,main,atmosphere/optical_depth_rayleigh,17,floor_subtracted,365
2026-09-22T14:49:11Z,8f4e59b,main,atmosphere/rayleigh_scattering_coefficient,12,floor_subtracted,365
2026-09-22T14:49:11Z,8f4e59b,main,atmosphere/air_mass,168,floor_subtracted,365
2026-09-22T14:49:11Z,8f4e59b,main,atmosphere/atmospheric_transmittance,236,floor_subtracted,365
2026-09-22T14:49:11Z,8f4e59b,main,atmosphere/scattering_angle,258,floor_subtracted,365
2026-09-22T14:49:11Z,8f4e59b,main,atmosphere/sunlight_color,734,floor_subtracted,365
2026-09-22T14:49:11Z,8f4e59b,main,atmosphere/sunset_gradient,687,floor_subtracted,365
2026-09-22T14:49:11Z,8f4e59b,main,ray/cauchy_n_at,7,floor_subtracted,365
2026-09-22T14:49:11Z,8f4e59b,main,ray/schott_n_at,26,floor_subtracted,365
2026-09-22T14:49:11Z,8f4e59b,main,ray/abbe_number,118,floor_subtracted,365
2026-09-22T14:49:11Z,8f4e59b,main,ray/prism_deviation,124,floor_subtracted,365
2026-09-22T14:49:11Z,8f4e59b,main,ray/prism_dispersion,151,floor_subtracted,365
2026-09-22T14:49:11Z,8f4e59b,main,ray/prism_angular_spread,321,floor_subtracted,365
2026-09-22T14:49:11Z,8f4e59b,main,ray/critical_angle,80,floor_subtracted,365
2026-09-22T14:49:11Z,8f4e59b,main,ray/reflect_2d,23,floor_subtracted,365
2026-09-22T14:49:11Z,8f4e59b,main,ray/reflect_3d,28,floor_subtracted,365
2026-09-22T14:49:11Z,8f4e59b,main,ray/refract_3d,51,floor_subtracted,365
2026-09-22T14:49:11Z,8f4e59b,main,ray/find_system_properties,708,floor_subtracted,365
2026-09-22T14:49:11Z,8f4e59b,main,ray/optical_path_length,577,floor_subtracted,365
2026-09-22T15:24:49Z,038c1ec,main,ray/fresnel_unpolarized,112,floor_subtracted,336
2026-09-22T15:24:49Z,038c1ec,main,ray/fiber_na,9,floor_subtracted,336
2026-09-22T15:24:49Z,038c1ec,main,ray/v_number,8,floor_subtracted,336
2026-09-22T15:24:49Z,038c1ec,main,ray/sellmeier_n_at,32,floor_subtracted,336
2026-09-22T15:24:49Z,038c1ec,main,spectral/wavelength_to_rgb,41,floor_subtracted,336
2026-09-22T15:24:49Z,038c1ec,main,spectral/planck_radiance,107,floor_subtracted,336
2026-09-22T15:24:49Z,038c1ec,main,spectral/spd_at,30,floor_subtracted,336
2026-09-22T15:24:49Z,038c1ec,main,wave/single_slit_intensity,108,floor_subtracted,336
2026-09-22T15:24:49Z,038c1ec,main,wave/malus_law,47,floor_subtracted,336
2026-09-22T15:24:49Z,038c1ec,main,wave/bessel_j1,47,floor_subtracted,336
2026-09-22T15:24:49Z,038c1ec,main,wave/airy_pattern,194,floor_subtracted,336
2026-09-22T15:24:49Z,038c1ec,main,wave/fresnel_integral_c,122,floor_subtracted,336
2026-09-22T15:24:49Z,038c1ec,main,wave/coating_reflectance,102,floor_subtracted,336
2026-09-22T15:24:49Z,038c1ec,main,wave/multilayer_rt,851,floor_subtracted,336
2026-09-22T15:24:49Z,038c1ec,main,wave/zernike_poly,96,floor_subtracted,336
2026-09-22T15:24:49Z,038c1ec,main,wave/diffraction_pattern_2d_8x8,13309.0000,floor_subtracted,336
2026-09-22T15:24:49Z,038c1ec,main,pbr/fresnel_schlick,12,floor_subtracted,336
2026-09-22T15:24:49Z,038c1ec,main,pbr/distribution_ggx,16,floor_subtracted,336
2026-09-22T15:24:49Z,038c1ec,main,pbr/cook_torrance,74,floor_subtracted,336
2026-09-22T15:24:49Z,038c1ec,main,pbr/iridescence_fresnel,109,floor_subtracted,336
2026-09-22T15:24:49Z,038c1ec,main,pbr/henyey_greenstein,16,floor_subtracted,336
2026-09-22T15:24:49Z,038c1ec,main,lens/mtf_diffraction_limited,91,floor_subtracted,336
2026-09-22T15:24:49Z,038c1ec,main,lens/seidel_coefficients,58,floor_subtracted,336
2026-09-22T15:24:49Z,038c1ec,main,atmosphere/rayleigh_cross_section,7,floor_subtracted,336
2026-09-22T15:24:49Z,038c1ec,main,atmosphere/mie_phase_cornette_shanks,20,floor_subtracted,336
2026-09-22T15:24:49Z,038c1ec,main,atmosphere/sky_color_rgb,828,floor_subtracted,336
2026-09-22T15:24:49Z,038c1ec,main,bridge/stellar_temperature_to_rgb,107,floor_subtracted,336
2026-09-22T15:24:49Z,038c1ec,main,serialize/rgb_to_json,2191.0000,floor_subtracted,336
2026-09-22T15:24:49Z,038c1ec,main,serialize/prescription_to_json,19627.0000,floor_subtracted,336
2026-09-22T15:24:49Z,038c1ec,main,serialize/spd_to_json,64731.0000,floor_subtracted,336
2026-09-22T15:24:49Z,038c1ec,main,spectral/spd_to_xyz,1378.0000,floor_subtracted,336
2026-09-22T15:24:49Z,038c1ec,main,spectral/spd_blackbody,9017.0000,floor_subtracted,336
2026-09-22T15:24:49Z,038c1ec,main,spectral/luminous_flux,2453.0000,floor_subtracted,336
2026-09-22T15:24:49Z,038c1ec,main,spectral/color_rendering_index,271192.0000,floor_subtracted,336
2026-09-22T15:24:49Z,038c1ec,main,ray/trace_surface,132,floor_subtracted,336
2026-09-22T15:24:49Z,038c1ec,main,ray/trace_sequential,444,floor_subtracted,336
2026-09-22T15:24:49Z,038c1ec,main,ray/spot_diagram,14366.0000,floor_subtracted,336
2026-09-22T15:24:49Z,038c1ec,main,wave/interference_pattern_16x16,88728.0000,floor_subtracted,336
2026-09-22T15:24:49Z,038c1ec,main,wave/pattern2d_normalized_64x64,11158.0000,floor_subtracted,336
2026-09-22T15:24:49Z,038c1ec,main,spectral/wavelength_to_frequency,11,floor_subtracted,336
2026-09-22T15:24:49Z,038c1ec,main,spectral/frequency_to_wavelength,8,floor_subtracted,336
2026-09-22T15:24:49Z,038c1ec,main,spectral/photon_energy,16,floor_subtracted,336
2026-09-22T15:24:49Z,038c1ec,main,spectral/photon_energy_ev,25,floor_subtracted,336
2026-09-22T15:24:49Z,038c1ec,main,spectral/wien_peak,8,floor_subtracted,336
2026-09-22T15:24:49Z,038c1ec,main,spectral/rgb_luminance,17,floor_subtracted,336
2026-09-22T15:24:49Z,038c1ec,main,spectral/rgb_to_u8,68,floor_subtracted,336
2026-09-22T15:24:49Z,038c1ec,main,spectral/xyz_to_xyy,24,floor_subtracted,336
2026-09-22T15:24:49Z,038c1ec,main,spectral/cct_from_xy,31,floor_subtracted,336
2026-09-22T15:24:49Z,038c1ec,main,spectral/linear_srgb_to_xyz,53,floor_subtracted,336
2026-09-22T15:24:49Z,038c1ec,main,spectral/xyz_to_linear_srgb,53,floor_subtracted,336
2026-09-22T15:24:49Z,038c1ec,main,spectral/cie_cmf_at,61,floor_subtracted,336
2026-09-22T15:24:49Z,038c1ec,main,spectral/linear_to_srgb_gamma,118,floor_subtracted,336
2026-09-22T15:24:49Z,038c1ec,main,spectral/xyz_to_srgb,436,floor_subtracted,336
2026-09-22T15:24:49Z,038c1ec,main,spectral/spd_to_srgb,1840.0000,floor_subtracted,336
2026-09-22T15:24:49Z,038c1ec,main,spectral/cri_special,245454.0000,floor_subtracted,336
2026-09-22T15:24:49Z,038c1ec,main,pbr/distribution_beckmann,58,floor_subtracted,336
2026-09-22T15:24:49Z,038c1ec,main,pbr/fresnel_schlick_rgb,22,floor_subtracted,336
2026-09-22T15:24:49Z,038c1ec,main,pbr/geometry_schlick_ggx,18,floor_subtracted,336
2026-09-22T15:24:49Z,038c1ec,main,pbr/geometry_smith,39,floor_subtracted,336
2026-09-22T15:24:49Z,038c1ec,main,pbr/ior_to_f0,6,floor_subtracted,336
2026-09-22T15:24:49Z,038c1ec,main,pbr/lambert_diffuse,7,floor_subtracted,336
2026-09-22T15:24:49Z,038c1ec,main,pbr/lambert_diffuse_rgb,14,floor_subtracted,336
2026-09-22T15:24:49Z,038c1ec,main,pbr/clearcoat_blend,31,floor_subtracted,336
2026-09-22T15:24:49Z,038c1ec,main,pbr/clearcoat_brdf,56,floor_subtracted,336
2026-09-22T15:24:49Z,038c1ec,main,pbr/geometry_ggx_aniso,26,floor_subtracted,336
2026-09-22T15:24:49Z,038c1ec,main,pbr/iridescence_rgb,317,floor_subtracted,336
2026-09-22T15:24:49Z,038c1ec,main,pbr/phase_rayleigh,7,floor_subtracted,336
2026-09-22T15:24:49Z,038c1ec,main,pbr/sample_cosine_pdf,9,floor_subtracted,336
2026-09-22T15:24:49Z,038c1ec,main,pbr/sample_ggx,94,floor_subtracted,336
2026-09-22T15:24:49Z,038c1ec,main,pbr/sample_ggx_pdf,31,floor_subtracted,336
2026-09-22T15:24:49Z,038c1ec,main,pbr/sheen_ashikhmin,13,floor_subtracted,336
2026-09-22T15:24:49Z,038c1ec,main,pbr/sheen_charlie,135,floor_subtracted,336
2026-09-22T15:24:49Z,038c1ec,main,pbr/single_scatter_inscattering,52,floor_subtracted,336
2026-09-22T15:24:49Z,038c1ec,main,pbr/split_sum_scale_bias,96,floor_subtracted,336
2026-09-22T15:24:49Z,038c1ec,main,pbr/subsurface_diffuse,41,floor_subtracted,336
2026-09-22T15:24:49Z,038c1ec,main,pbr/volume_transmittance,37,floor_subtracted,336
2026-09-22T15:24:49Z,038c1ec,main,lens/magnification,5,floor_subtracted,336
2026-09-22T15:24:49Z,038c1ec,main,lens/lensmaker_focal_length,13,floor_subtracted,336
2026-09-22T15:24:49Z,038c1ec,main,lens/optical_power,8,floor_subtracted,336
2026-09-22T15:24:49Z,038c1ec,main,lens/mirror_focal_length,5,floor_subtracted,336
2026-09-22T15:24:49Z,038c1ec,main,lens/combined_focal_length,9,floor_subtracted,336
2026-09-22T15:24:49Z,038c1ec,main,lens/depth_of_field,18,floor_subtracted,336
2026-09-22T15:24:49Z,038c1ec,main,lens/cardinal_points,50,floor_subtracted,336
2026-09-22T15:24:49Z,038c1ec,main,lens/f_number,5,floor_subtracted,336
2026-09-22T15:24:49Z,038c1ec,main,lens/aperture_from_f_number,6,floor_subtracted,336
2026-09-22T15:24:49Z,038c1ec,main,lens/numerical_aperture,49,floor_subtracted,336
2026-09-22T15:24:49Z,038c1ec,main,lens/na_from_f_number,5,floor_subtracted,336
2026-09-22T15:24:49Z,038c1ec,main,lens/diffraction_limit,12,floor_subtracted,336
2026-09-22T15:24:49Z,038c1ec,main,lens/airy_disk_radius,10,floor_subtracted,336
2026-09-22T15:24:49Z,038c1ec,main,lens/field_of_view,64,floor_subtracted,336
2026-09-22T15:24:49Z,038c1ec,main,lens/field_of_view_diagonal,93,floor_subtracted,336
2026-09-22T15:24:49Z,038c1ec,main,lens/mtf_cutoff_frequency,5,floor_subtracted,336
2026-09-22T15:24:49Z,038c1ec,main,lens/shape_factor,8,floor_subtracted,336
2026-09-22T15:24:49Z,038c1ec,main,lens/conjugate_factor,8,floor_subtracted,336
2026-09-22T15:24:49Z,038c1ec,main,lens/chromatic_aberration,5,floor_subtracted,336
2026-09-22T15:24:49Z,038c1ec,main,lens/petzval_sum,16,floor_subtracted,336
2026-09-22T15:24:49Z,038c1ec,main,wave/double_slit_intensity,147,floor_subtracted,336
2026-09-22T15:24:49Z,038c1ec,main,wave/is_constructive,14,floor_subtracted,336
2026-09-22T15:24:49Z,038c1ec,main,wave/is_destructive,15,floor_subtracted,336
2026-09-22T15:24:49Z,038c1ec,main,wave/path_to_phase,6,floor_subtracted,336
2026-09-22T15:24:49Z,038c1ec,main,wave/thin_film_reflectance,52,floor_subtracted,336
2026-09-22T15:24:49Z,038c1ec,main,wave/polarization_intensity,7,floor_subtracted,336
2026-09-22T15:24:49Z,038c1ec,main,wave/polarization_through_polarizer,98,floor_subtracted,336
2026-09-22T15:24:49Z,038c1ec,main,wave/mueller_polarizer,124,floor_subtracted,336
2026-09-22T15:24:49Z,038c1ec,main,wave/mueller_retarder,126,floor_subtracted,336
2026-09-22T15:24:49Z,038c1ec,main,wave/mueller_multiply,825,floor_subtracted,336
2026-09-22T15:24:49Z,038c1ec,main,wave/mueller_apply,140,floor_subtracted,336
2026-09-22T15:24:49Z,038c1ec,main,wave/fraunhofer_rect,226,floor_subtracted,336
2026-09-22T15:24:49Z,038c1ec,main,wave/fresnel_integral_s,116,floor_subtracted,336
2026-09-22T15:24:49Z,038c1ec,main,wave/fresnel_edge_intensity,136,floor_subtracted,336
2026-09-22T15:24:49Z,038c1ec,main,wave/coherence_length,6,floor_subtracted,336
2026-09-22T15:24:49Z,038c1ec,main,wave/coherence_time,9,floor_subtracted,336
2026-09-22T15:24:49Z,038c1ec,main,ray/beer_lambert,40,floor_subtracted,336
2026-09-22T15:24:49Z,038c1ec,main,ray/brewster_angle,53,floor_subtracted,336
2026-09-22T15:24:49Z,038c1ec,main,ray/fresnel_normal,7,floor_subtracted,336
2026-09-22T15:24:49Z,038c1ec,main,ray/fresnel_p,12,floor_subtracted,336
2026-09-22T15:24:49Z,038c1ec,main,ray/fresnel_s,12,floor_subtracted,336
2026-09-22T15:24:49Z,038c1ec,main,ray/snell_3d,83,floor_subtracted,336
2026-09-22T15:24:49Z,038c1ec,main,atmosphere/king_factor,19,floor_subtracted,336
2026-09-22T15:24:49Z,038c1ec,main,atmosphere/optical_depth_rayleigh,16,floor_subtracted,336
2026-09-22T15:24:49Z,038c1ec,main,atmosphere/rayleigh_scattering_coefficient,12,floor_subtracted,336
2026-09-22T15:24:49Z,038c1ec,main,atmosphere/air_mass,159,floor_subtracted,336
2026-09-22T15:24:49Z,038c1ec,main,atmosphere/atmospheric_transmittance,216,floor_subtracted,336
2026-09-22T15:24:49Z,038c1ec,main,atmosphere/scattering_angle,240,floor_subtracted,336
2026-09-22T15:24:49Z,038c1ec,main,atmosphere/sunlight_color,670,floor_subtracted,336
2026-09-22T15:24:49Z,038c1ec,main,atmosphere/sunset_gradient,635,floor_subtracted,336
2026-09-22T15:24:49Z,038c1ec,main,ray/cauchy_n_at,7,floor_subtracted,336
2026-09-22T15:24:49Z,038c1ec,main,ray/schott_n_at,24,floor_subtracted,336
2026-09-22T15:24:49Z,038c1ec,main,ray/abbe_number,110,floor_subtracted,336
2026-09-22T15:24:49Z,038c1ec,main,ray/prism_deviation,119,floor_subtracted,336
2026-09-22T15:24:49Z,038c1ec,main,ray/prism_dispersion,146,floor_subtracted,336
2026-09-22T15:24:49Z,038c1ec,main,ray/prism_angular_spread,312,floor_subtracted,336
2026-09-22T15:24:49Z,038c1ec,main,ray/critical_angle,76,floor_subtracted,336
2026-09-22T15:24:49Z,038c1ec,main,ray/reflect_2d,23,floor_subtracted,336
2026-09-22T15:24:49Z,038c1ec,main,ray/reflect_3d,28,floor_subtracted,336
2026-09-22T15:24:49Z,038c1ec,main,ray/refract_3d,49,floor_subtracted,336
2026-09-22T15:24:49Z,038c1ec,main,ray/find_system_properties,695,floor_subtracted,336
2026-09-22T15:24:49Z,038c1ec,main,ray/optical_path_length,561,floor_subtracted,336
2026-09-22T15:48:02Z,612ea8f,main,ray/fresnel_unpolarized,109,floor_subtracted,338
2026-09-22T15:48:02Z,612ea8f,main,ray/fiber_na,8,floor_subtracted,338
2026-09-22T15:48:02Z,612ea8f,main,ray/v_number,8,floor_subtracted,338
2026-09-22T15:48:02Z,612ea8f,main,ray/sellmeier_n_at,33,floor_subtracted,338
2026-09-22T15:48:02Z,612ea8f,main,spectral/wavelength_to_rgb,41,floor_subtracted,338
2026-09-22T15:48:02Z,612ea8f,main,spectral/planck_radiance,106,floor_subtracted,338
2026-09-22T15:48:02Z,612ea8f,main,spectral/spd_at,30,floor_subtracted,338
2026-09-22T15:48:02Z,612ea8f,main,wave/single_slit_intensity,108,floor_subtracted,338
2026-09-22T15:48:02Z,612ea8f,main,wave/malus_law,47,floor_subtracted,338
2026-09-22T15:48:02Z,612ea8f,main,wave/bessel_j1,47,floor_subtracted,338
2026-09-22T15:48:02Z,612ea8f,main,wave/airy_pattern,196,floor_subtracted,338
2026-09-22T15:48:02Z,612ea8f,main,wave/fresnel_integral_c,122,floor_subtracted,338
2026-09-22T15:48:02Z,612ea8f,main,wave/coating_reflectance,103,floor_subtracted,338
2026-09-22T15:48:02Z,612ea8f,main,wave/multilayer_rt,871,floor_subtracted,338
2026-09-22T15:48:02Z,612ea8f,main,wave/zernike_poly,98,floor_subtracted,338
2026-09-22T15:48:02Z,612ea8f,main,wave/diffraction_pattern_2d_8x8,13284.0000,floor_subtracted,338
2026-09-22T15:48:02Z,612ea8f,main,pbr/fresnel_schlick,12,floor_subtracted,338
2026-09-22T15:48:02Z,612ea8f,main,pbr/distribution_ggx,16,floor_subtracted,338
2026-09-22T15:48:02Z,612ea8f,main,pbr/cook_torrance,74,floor_subtracted,338
2026-09-22T15:48:02Z,612ea8f,main,pbr/iridescence_fresnel,110,floor_subtracted,338
2026-09-22T15:48:02Z,612ea8f,main,pbr/henyey_greenstein,17,floor_subtracted,338
2026-09-22T15:48:02Z,612ea8f,main,lens/mtf_diffraction_limited,91,floor_subtracted,338
2026-09-22T15:48:02Z,612ea8f,main,lens/seidel_coefficients,61,floor_subtracted,338
2026-09-22T15:48:02Z,612ea8f,main,atmosphere/rayleigh_cross_section,7,floor_subtracted,338
2026-09-22T15:48:02Z,612ea8f,main,atmosphere/mie_phase_cornette_shanks,20,floor_subtracted,338
2026-09-22T15:48:02Z,612ea8f,main,atmosphere/sky_color_rgb,826,floor_subtracted,338
2026-09-22T15:48:02Z,612ea8f,main,bridge/stellar_temperature_to_rgb,107,floor_subtracted,338
2026-09-22T15:48:02Z,612ea8f,main,serialize/rgb_to_json,2196.0000,floor_subtracted,338
2026-09-22T15:48:02Z,612ea8f,main,serialize/prescription_to_json,19678.0000,floor_subtracted,338
2026-09-22T15:48:02Z,612ea8f,main,serialize/spd_to_json,65254.0000,floor_subtracted,338
2026-09-22T15:48:02Z,612ea8f,main,spectral/spd_to_xyz,1394.0000,floor_subtracted,338
2026-09-22T15:48:02Z,612ea8f,main,spectral/spd_blackbody,9136.0000,floor_subtracted,338
2026-09-22T15:48:02Z,612ea8f,main,spectral/luminous_flux,2474.0000,floor_subtracted,338
2026-09-22T15:48:02Z,612ea8f,main,spectral/color_rendering_index,273597.0000,floor_subtracted,338
2026-09-22T15:48:02Z,612ea8f,main,ray/trace_surface,139,floor_subtracted,338
2026-09-22T15:48:02Z,612ea8f,main,ray/trace_sequential,444,floor_subtracted,338
2026-09-22T15:48:02Z,612ea8f,main,ray/spot_diagram,14472.0000,floor_subtracted,338
2026-09-22T15:48:02Z,612ea8f,main,wave/interference_pattern_16x16,89781.0000,floor_subtracted,338
2026-09-22T15:48:02Z,612ea8f,main,wave/pattern2d_normalized_64x64,11217.0000,floor_subtracted,338
2026-09-22T15:48:02Z,612ea8f,main,spectral/wavelength_to_frequency,11,floor_subtracted,338
2026-09-22T15:48:02Z,612ea8f,main,spectral/frequency_to_wavelength,8,floor_subtracted,338
2026-09-22T15:48:02Z,612ea8f,main,spectral/photon_energy,16,floor_subtracted,338
2026-09-22T15:48:02Z,612ea8f,main,spectral/photon_energy_ev,26,floor_subtracted,338
2026-09-22T15:48:02Z,612ea8f,main,spectral/wien_peak,8,floor_subtracted,338
2026-09-22T15:48:02Z,612ea8f,main,spectral/rgb_luminance,17,floor_subtracted,338
2026-09-22T15:48:02Z,612ea8f,main,spectral/rgb_to_u8,69,floor_subtracted,338
2026-09-22T15:48:02Z,612ea8f,main,spectral/xyz_to_xyy,26,floor_subtracted,338
2026-09-22T15:48:02Z,612ea8f,main,spectral/cct_from_xy,31,floor_subtracted,338
2026-09-22T15:48:02Z,612ea8f,main,spectral/linear_srgb_to_xyz,53,floor_subtracted,338
2026-09-22T15:48:02Z,612ea8f,main,spectral/xyz_to_linear_srgb,54,floor_subtracted,338
2026-09-22T15:48:02Z,612ea8f,main,spectral/cie_cmf_at,61,floor_subtracted,338
2026-09-22T15:48:02Z,612ea8f,main,spectral/linear_to_srgb_gamma,117,floor_subtracted,338
2026-09-22T15:48:02Z,612ea8f,main,spectral/xyz_to_srgb,437,floor_subtracted,338
2026-09-22T15:48:02Z,612ea8f,main,spectral/spd_to_srgb,1860.0000,floor_subtracted,338
2026-09-22T15:48:02Z,612ea8f,main,spectral/cri_special,247219.0000,floor_subtracted,338
2026-09-22T15:48:02Z,612ea8f,main,pbr/distribution_beckmann,58,floor_subtracted,338
2026-09-22T15:48:02Z,612ea8f,main,pbr/fresnel_schlick_rgb,23,floor_subtracted,338
2026-09-22T15:48:02Z,612ea8f,main,pbr/geometry_schlick_ggx,18,floor_subtracted,338
2026-09-22T15:48:02Z,612ea8f,main,pbr/geometry_smith,41,floor_subtracted,338
2026-09-22T15:48:02Z,612ea8f,main,pbr/ior_to_f0,7,floor_subtracted,338
2026-09-22T15:48:02Z,612ea8f,main,pbr/lambert_diffuse,6,floor_subtracted,338
2026-09-22T15:48:02Z,612ea8f,main,pbr/lambert_diffuse_rgb,14,floor_subtracted,338
2026-09-22T15:48:02Z,612ea8f,main,pbr/clearcoat_blend,29,floor_subtracted,338
2026-09-22T15:48:02Z,612ea8f,main,pbr/clearcoat_brdf,56,floor_subtracted,338
2026-09-22T15:48:02Z,612ea8f,main,pbr/geometry_ggx_aniso,26,floor_subtracted,338
2026-09-22T15:48:02Z,612ea8f,main,pbr/iridescence_rgb,320,floor_subtracted,338
2026-09-22T15:48:02Z,612ea8f,main,pbr/phase_rayleigh,7,floor_subtracted,338
2026-09-22T15:48:02Z,612ea8f,main,pbr/sample_cosine_pdf,9,floor_subtracted,338
2026-09-22T15:48:02Z,612ea8f,main,pbr/sample_ggx,97,floor_subtracted,338
2026-09-22T15:48:02Z,612ea8f,main,pbr/sample_ggx_pdf,32,floor_subtracted,338
2026-09-22T15:48:02Z,612ea8f,main,pbr/sheen_ashikhmin,13,floor_subtracted,338
2026-09-22T15:48:02Z,612ea8f,main,pbr/sheen_charlie,136,floor_subtracted,338
2026-09-22T15:48:02Z,612ea8f,main,pbr/single_scatter_inscattering,52,floor_subtracted,338
2026-09-22T15:48:02Z,612ea8f,main,pbr/split_sum_scale_bias,97,floor_subtracted,338
2026-09-22T15:48:02Z,612ea8f,main,pbr/subsurface_diffuse,42,floor_subtracted,338
2026-09-22T15:48:02Z,612ea8f,main,pbr/volume_transmittance,37,floor_subtracted,338
2026-09-22T15:48:02Z,612ea8f,main,lens/magnification,5,floor_subtracted,338
2026-09-22T15:48:02Z,612ea8f,main,lens/lensmaker_focal_length,13,floor_subtracted,338
2026-09-22T15:48:02Z,612ea8f,main,lens/optical_power,8,floor_subtracted,338
2026-09-22T15:48:02Z,612ea8f,main,lens/mirror_focal_length,5,floor_subtracted,338
2026-09-22T15:48:02Z,612ea8f,main,lens/combined_focal_length,9,floor_subtracted,338
2026-09-22T15:48:02Z,612ea8f,main,lens/depth_of_field,19,floor_subtracted,338
2026-09-22T15:48:02Z,612ea8f,main,lens/cardinal_points,54,floor_subtracted,338
2026-09-22T15:48:02Z,612ea8f,main,lens/f_number,5,floor_subtracted,338
2026-09-22T15:48:02Z,612ea8f,main,lens/aperture_from_f_number,6,floor_subtracted,338
2026-09-22T15:48:02Z,612ea8f,main,lens/numerical_aperture,50,floor_subtracted,338
2026-09-22T15:48:02Z,612ea8f,main,lens/na_from_f_number,5,floor_subtracted,338
2026-09-22T15:48:02Z,612ea8f,main,lens/diffraction_limit,13,floor_subtracted,338
2026-09-22T15:48:02Z,612ea8f,main,lens/airy_disk_radius,10,floor_subtracted,338
2026-09-22T15:48:02Z,612ea8f,main,lens/field_of_view,66,floor_subtracted,338
2026-09-22T15:48:02Z,612ea8f,main,lens/field_of_view_diagonal,94,floor_subtracted,338
2026-09-22T15:48:02Z,612ea8f,main,lens/mtf_cutoff_frequency,6,floor_subtracted,338
2026-09-22T15:48:02Z,612ea8f,main,lens/shape_factor,8,floor_subtracted,338
2026-09-22T15:48:02Z,612ea8f,main,lens/conjugate_factor,8,floor_subtracted,338
2026-09-22T15:48:02Z,612ea8f,main,lens/chromatic_aberration,5,floor_subtracted,338
2026-09-22T15:48:02Z,612ea8f,main,lens/petzval_sum,17,floor_subtracted,338
2026-09-22T15:48:02Z,612ea8f,main,wave/double_slit_intensity,148,floor_subtracted,338
2026-09-22T15:48:02Z,612ea8f,main,wave/is_constructive,15,floor_subtracted,338
2026-09-22T15:48:02Z,612ea8f,main,wave/is_destructive,16,floor_subtracted,338
2026-09-22T15:48:02Z,612ea8f,main,wave/path_to_phase,6,floor_subtracted,338
2026-09-22T15:48:02Z,612ea8f,main,wave/thin_film_reflectance,52,floor_subtracted,338
2026-09-22T15:48:02Z,612ea8f,main,wave/polarization_intensity,8,floor_subtracted,338
2026-09-22T15:48:02Z,612ea8f,main,wave/polarization_through_polarizer,99,floor_subtracted,338
2026-09-22T15:48:02Z,612ea8f,main,wave/mueller_polarizer,125,floor_subtracted,338
2026-09-22T15:48:02Z,612ea8f,main,wave/mueller_retarder,128,floor_subtracted,338
2026-09-22T15:48:02Z,612ea8f,main,wave/mueller_multiply,816,floor_subtracted,338
2026-09-22T15:48:02Z,612ea8f,main,wave/mueller_apply,130,floor_subtracted,338
2026-09-22T15:48:02Z,612ea8f,main,wave/fraunhofer_rect,230,floor_subtracted,338
2026-09-22T15:48:02Z,612ea8f,main,wave/fresnel_integral_s,127,floor_subtracted,338
2026-09-22T15:48:02Z,612ea8f,main,wave/fresnel_edge_intensity,145,floor_subtracted,338
2026-09-22T15:48:02Z,612ea8f,main,wave/coherence_length,6,floor_subtracted,338
2026-09-22T15:48:02Z,612ea8f,main,wave/coherence_time,9,floor_subtracted,338
2026-09-22T15:48:02Z,612ea8f,main,ray/beer_lambert,40,floor_subtracted,338
2026-09-22T15:48:02Z,612ea8f,main,ray/brewster_angle,53,floor_subtracted,338
2026-09-22T15:48:02Z,612ea8f,main,ray/fresnel_normal,7,floor_subtracted,338
2026-09-22T15:48:02Z,612ea8f,main,ray/fresnel_p,12,floor_subtracted,338
2026-09-22T15:48:02Z,612ea8f,main,ray/fresnel_s,12,floor_subtracted,338
2026-09-22T15:48:02Z,612ea8f,main,ray/snell_3d,84,floor_subtracted,338
2026-09-22T15:48:02Z,612ea8f,main,atmosphere/king_factor,19,floor_subtracted,338
2026-09-22T15:48:02Z,612ea8f,main,atmosphere/optical_depth_rayleigh,16,floor_subtracted,338
2026-09-22T15:48:02Z,612ea8f,main,atmosphere/rayleigh_scattering_coefficient,12,floor_subtracted,338
2026-09-22T15:48:02Z,612ea8f,main,atmosphere/air_mass,158,floor_subtracted,338
2026-09-22T15:48:02Z,612ea8f,main,atmosphere/atmospheric_transmittance,217,floor_subtracted,338
2026-09-22T15:48:02Z,612ea8f,main,atmosphere/scattering_angle,241,floor_subtracted,338
2026-09-22T15:48:02Z,612ea8f,main,atmosphere/sunlight_color,672,floor_subtracted,338
2026-09-22T15:48:02Z,612ea8f,main,atmosphere/sunset_gradient,636,floor_subtracted,338
2026-09-22T15:48:02Z,612ea8f,main,ray/cauchy_n_at,7,floor_subtracted,338
2026-09-22T15:48:02Z,612ea8f,main,ray/schott_n_at,24,floor_subtracted,338
2026-09-22T15:48:02Z,612ea8f,main,ray/abbe_number,112,floor_subtracted,338
2026-09-22T15:48:02Z,612ea8f,main,ray/prism_deviation,120,floor_subtracted,338
2026-09-22T15:48:02Z,612ea8f,main,ray/prism_dispersion,146,floor_subtracted,338
2026-09-22T15:48:02Z,612ea8f,main,ray/prism_angular_spread,312,floor_subtracted,338
2026-09-22T15:48:02Z,612ea8f,main,ray/critical_angle,77,floor_subtracted,338
2026-09-22T15:48:02Z,612ea8f,main,ray/reflect_2d,23,floor_subtracted,338
2026-09-22T15:48:02Z,612ea8f,main,ray/reflect_3d,28,floor_subtracted,338
2026-09-22T15:48:02Z,612ea8f,main,ray/refract_3d,49,floor_subtracted,338
2026-09-22T15:48:02Z,612ea8f,main,ray/find_system_properties,684,floor_subtracted,338
2026-09-22T15:48:02Z,612ea8f,main,ray/optical_path_length,563,floor_subtracted,338
2026-09-22T16:12:25Z,e629761,main,ray/fresnel_unpolarized,110,floor_subtracted,340
2026-09-22T16:12:25Z,e629761,main,ray/fiber_na,8,floor_subtracted,340
2026-09-22T16:12:25Z,e629761,main,ray/v_number,8,floor_subtracted,340
2026-09-22T16:12:25Z,e629761,main,ray/sellmeier_n_at,32,floor_subtracted,340
2026-09-22T16:12:25Z,e629761,main,spectral/wavelength_to_rgb,40,floor_subtracted,340
2026-09-22T16:12:25Z,e629761,main,spectral/planck_radiance,107,floor_subtracted,340
2026-09-22T16:12:25Z,e629761,main,spectral/spd_at,31,floor_subtracted,340
2026-09-22T16:12:25Z,e629761,main,wave/single_slit_intensity,109,floor_subtracted,340
2026-09-22T16:12:25Z,e629761,main,wave/malus_law,47,floor_subtracted,340
2026-09-22T16:12:25Z,e629761,main,wave/bessel_j1,47,floor_subtracted,340
2026-09-22T16:12:25Z,e629761,main,wave/airy_pattern,194,floor_subtracted,340
2026-09-22T16:12:25Z,e629761,main,wave/fresnel_integral_c,130,floor_subtracted,340
2026-09-22T16:12:25Z,e629761,main,wave/coating_reflectance,107,floor_subtracted,340
2026-09-22T16:12:25Z,e629761,main,wave/multilayer_rt,884,floor_subtracted,340
2026-09-22T16:12:25Z,e629761,main,wave/zernike_poly,96,floor_subtracted,340
2026-09-22T16:12:25Z,e629761,main,wave/diffraction_pattern_2d_8x8,13421.0000,floor_subtracted,340
2026-09-22T16:12:25Z,e629761,main,pbr/fresnel_schlick,12,floor_subtracted,340
2026-09-22T16:12:25Z,e629761,main,pbr/distribution_ggx,16,floor_subtracted,340
2026-09-22T16:12:25Z,e629761,main,pbr/cook_torrance,74,floor_subtracted,340
2026-09-22T16:12:25Z,e629761,main,pbr/iridescence_fresnel,110,floor_subtracted,340
2026-09-22T16:12:25Z,e629761,main,pbr/henyey_greenstein,17,floor_subtracted,340
2026-09-22T16:12:25Z,e629761,main,lens/mtf_diffraction_limited,92,floor_subtracted,340
2026-09-22T16:12:25Z,e629761,main,lens/seidel_coefficients,60,floor_subtracted,340
2026-09-22T16:12:25Z,e629761,main,atmosphere/rayleigh_cross_section,7,floor_subtracted,340
2026-09-22T16:12:25Z,e629761,main,atmosphere/mie_phase_cornette_shanks,20,floor_subtracted,340
2026-09-22T16:12:25Z,e629761,main,atmosphere/sky_color_rgb,861,floor_subtracted,340
2026-09-22T16:12:25Z,e629761,main,bridge/stellar_temperature_to_rgb,108,floor_subtracted,340
2026-09-22T16:12:25Z,e629761,main,serialize/rgb_to_json,2225.0000,floor_subtracted,340
2026-09-22T16:12:25Z,e629761,main,serialize/prescription_to_json,19758.0000,floor_subtracted,340
2026-09-22T16:12:25Z,e629761,main,serialize/spd_to_json,65012.0000,floor_subtracted,340
2026-09-22T16:12:25Z,e629761,main,spectral/spd_to_xyz,1420.0000,floor_subtracted,340
2026-09-22T16:12:25Z,e629761,main,spectral/spd_blackbody,9117.0000,floor_subtracted,340
2026-09-22T16:12:25Z,e629761,main,spectral/luminous_flux,2634.0000,floor_subtracted,340
2026-09-22T16:12:25Z,e629761,main,spectral/color_rendering_index,271397.0000,floor_subtracted,340
2026-09-22T16:12:25Z,e629761,main,ray/trace_surface,135,floor_subtracted,340
2026-09-22T16:12:25Z,e629761,main,ray/trace_sequential,449,floor_subtracted,340
2026-09-22T16:12:25Z,e629761,main,ray/spot_diagram,14482.0000,floor_subtracted,340
2026-09-22T16:12:25Z,e629761,main,wave/interference_pattern_16x16,88875.0000,floor_subtracted,340
2026-09-22T16:12:25Z,e629761,main,wave/pattern2d_normalized_64x64,11322.0000,floor_subtracted,340
2026-09-22T16:12:25Z,e629761,main,spectral/wavelength_to_frequency,11,floor_subtracted,340
2026-09-22T16:12:25Z,e629761,main,spectral/frequency_to_wavelength,8,floor_subtracted,340
2026-09-22T16:12:25Z,e629761,main,spectral/photon_energy,16,floor_subtracted,340
2026-09-22T16:12:25Z,e629761,main,spectral/photon_energy_ev,25,floor_subtracted,340
2026-09-22T16:12:25Z,e629761,main,spectral/wien_peak,8,floor_subtracted,340
2026-09-22T16:12:25Z,e629761,main,spectral/rgb_luminance,17,floor_subtracted,340
2026-09-22T16:12:25Z,e629761,main,spectral/rgb_to_u8,68,floor_subtracted,340
2026-09-22T16:12:25Z,e629761,main,spectral/xyz_to_xyy,25,floor_subtracted,340
2026-09-22T16:12:25Z,e629761,main,spectral/cct_from_xy,31,floor_subtracted,340
2026-09-22T16:12:25Z,e629761,main,spectral/linear_srgb_to_xyz,54,floor_subtracted,340
2026-09-22T16:12:25Z,e629761,main,spectral/xyz_to_linear_srgb,53,floor_subtracted,340
2026-09-22T16:12:25Z,e629761,main,spectral/cie_cmf_at,62,floor_subtracted,340
2026-09-22T16:12:25Z,e629761,main,spectral/linear_to_srgb_gamma,119,floor_subtracted,340
2026-09-22T16:12:25Z,e629761,main,spectral/xyz_to_srgb,437,floor_subtracted,340
2026-09-22T16:12:25Z,e629761,main,spectral/spd_to_srgb,1840.0000,floor_subtracted,340
2026-09-22T16:12:25Z,e629761,main,spectral/cri_special,245124.0000,floor_subtracted,340
2026-09-22T16:12:25Z,e629761,main,pbr/distribution_beckmann,58,floor_subtracted,340
2026-09-22T16:12:25Z,e629761,main,pbr/fresnel_schlick_rgb,22,floor_subtracted,340
2026-09-22T16:12:25Z,e629761,main,pbr/geometry_schlick_ggx,18,floor_subtracted,340
2026-09-22T16:12:25Z,e629761,main,pbr/geometry_smith,38,floor_subtracted,340
2026-09-22T16:12:25Z,e629761,main,pbr/ior_to_f0,6,floor_subtracted,340
2026-09-22T16:12:25Z,e629761,main,pbr/lambert_diffuse,6,floor_subtracted,340
2026-09-22T16:12:25Z,e629761,main,pbr/lambert_diffuse_rgb,14,floor_subtracted,340
2026-09-22T16:12:25Z,e629761,main,pbr/clearcoat_blend,29,floor_subtracted,340
2026-09-22T16:12:25Z,e629761,main,pbr/clearcoat_brdf,56,floor_subtracted,340
2026-09-22T16:12:25Z,e629761,main,pbr/geometry_ggx_aniso,27,floor_subtracted,340
2026-09-22T16:12:25Z,e629761,main,pbr/iridescence_rgb,317,floor_subtracted,340
2026-09-22T16:12:25Z,e629761,main,pbr/phase_rayleigh,7,floor_subtracted,340
2026-09-22T16:12:25Z,e629761,main,pbr/sample_cosine_pdf,9,floor_subtracted,340
2026-09-22T16:12:25Z,e629761,main,pbr/sample_ggx,92,floor_subtracted,340
2026-09-22T16:12:25Z,e629761,main,pbr/sample_ggx_pdf,32,floor_subtracted,340
2026-09-22T16:12:25Z,e629761,main,pbr/sheen_ashikhmin,13,floor_subtracted,340
2026-09-22T16:12:25Z,e629761,main,pbr/sheen_charlie,138,floor_subtracted,340
2026-09-22T16:12:25Z,e629761,main,pbr/single_scatter_inscattering,52,floor_subtracted,340
2026-09-22T16:12:25Z,e629761,main,pbr/split_sum_scale_bias,97,floor_subtracted,340
2026-09-22T16:12:25Z,e629761,main,pbr/subsurface_diffuse,41,floor_subtracted,340
2026-09-22T16:12:25Z,e629761,main,pbr/volume_transmittance,37,floor_subtracted,340
2026-09-22T16:12:25Z,e629761,main,lens/magnification,5,floor_subtracted,340
2026-09-22T16:12:25Z,e629761,main,lens/lensmaker_focal_length,13,floor_subtracted,340
2026-09-22T16:12:25Z,e629761,main,lens/optical_power,8,floor_subtracted,340
2026-09-22T16:12:25Z,e629761,main,lens/mirror_focal_length,5,floor_subtracted,340
2026-09-22T16:12:25Z,e629761,main,lens/combined_focal_length,9,floor_subtracted,340
2026-09-22T16:12:25Z,e629761,main,lens/depth_of_field,18,floor_subtracted,340
2026-09-22T16:12:25Z,e629761,main,lens/cardinal_points,50,floor_subtracted,340
2026-09-22T16:12:25Z,e629761,main,lens/f_number,5,floor_subtracted,340
2026-09-22T16:12:25Z,e629761,main,lens/aperture_from_f_number,6,floor_subtracted,340
2026-09-22T16:12:25Z,e629761,main,lens/numerical_aperture,49,floor_subtracted,340
2026-09-22T16:12:25Z,e629761,main,lens/na_from_f_number,5,floor_subtracted,340
2026-09-22T16:12:25Z,e629761,main,lens/diffraction_limit,12,floor_subtracted,340
2026-09-22T16:12:25Z,e629761,main,lens/airy_disk_radius,10,floor_subtracted,340
2026-09-22T16:12:25Z,e629761,main,lens/field_of_view,64,floor_subtracted,340
2026-09-22T16:12:25Z,e629761,main,lens/field_of_view_diagonal,93,floor_subtracted,340
2026-09-22T16:12:25Z,e629761,main,lens/mtf_cutoff_frequency,5,floor_subtracted,340
2026-09-22T16:12:25Z,e629761,main,lens/shape_factor,8,floor_subtracted,340
2026-09-22T16:12:25Z,e629761,main,lens/conjugate_factor,8,floor_subtracted,340
2026-09-22T16:12:25Z,e629761,main,lens/chromatic_aberration,5,floor_subtracted,340
2026-09-22T16:12:25Z,e629761,main,lens/petzval_sum,17,floor_subtracted,340
2026-09-22T16:12:25Z,e629761,main,wave/double_slit_intensity,147,floor_subtracted,340
2026-09-22T16:12:25Z,e629761,main,wave/is_constructive,14,floor_subtracted,340
2026-09-22T16:12:25Z,e629761,main,wave/is_destructive,15,floor_subtracted,340
2026-09-22T16:12:25Z,e629761,main,wave/path_to_phase,6,floor_subtracted,340
2026-09-22T16:12:25Z,e629761,main,wave/thin_film_reflectance,52,floor_subtracted,340
2026-09-22T16:12:25Z,e629761,main,wave/polarization_intensity,7,floor_subtracted,340
2026-09-22T16:12:25Z,e629761,main,wave/polarization_through_polarizer,99,floor_subtracted,340
2026-09-22T16:12:25Z,e629761,main,wave/mueller_polarizer,122,floor_subtracted,340
2026-09-22T16:12:25Z,e629761,main,wave/mueller_retarder,127,floor_subtracted,340
2026-09-22T16:12:25Z,e629761,main,wave/mueller_multiply,812,floor_subtracted,340
2026-09-22T16:12:25Z,e629761,main,wave/mueller_apply,129,floor_subtracted,340
2026-09-22T16:12:25Z,e629761,main,wave/fraunhofer_rect,221,floor_subtracted,340
2026-09-22T16:12:25Z,e629761,main,wave/fresnel_integral_s,116,floor_subtracted,340
2026-09-22T16:12:25Z,e629761,main,wave/fresnel_edge_intensity,135,floor_subtracted,340
2026-09-22T16:12:25Z,e629761,main,wave/coherence_length,6,floor_subtracted,340
2026-09-22T16:12:25Z,e629761,main,wave/coherence_time,9,floor_subtracted,340
2026-09-22T16:12:25Z,e629761,main,ray/beer_lambert,41,floor_subtracted,340
2026-09-22T16:12:25Z,e629761,main,ray/brewster_angle,53,floor_subtracted,340
2026-09-22T16:12:25Z,e629761,main,ray/fresnel_normal,7,floor_subtracted,340
2026-09-22T16:12:25Z,e629761,main,ray/fresnel_p,12,floor_subtracted,340
2026-09-22T16:12:25Z,e629761,main,ray/fresnel_s,12,floor_subtracted,340
2026-09-22T16:12:25Z,e629761,main,ray/snell_3d,82,floor_subtracted,340
2026-09-22T16:12:25Z,e629761,main,atmosphere/king_factor,19,floor_subtracted,340
2026-09-22T16:12:25Z,e629761,main,atmosphere/optical_depth_rayleigh,16,floor_subtracted,340
2026-09-22T16:12:25Z,e629761,main,atmosphere/rayleigh_scattering_coefficient,12,floor_subtracted,340
2026-09-22T16:12:25Z,e629761,main,atmosphere/air_mass,160,floor_subtracted,340
2026-09-22T16:12:25Z,e629761,main,atmosphere/atmospheric_transmittance,216,floor_subtracted,340
2026-09-22T16:12:25Z,e629761,main,atmosphere/scattering_angle,239,floor_subtracted,340
2026-09-22T16:12:25Z,e629761,main,atmosphere/sunlight_color,669,floor_subtracted,340
2026-09-22T16:12:25Z,e629761,main,atmosphere/sunset_gradient,635,floor_subtracted,340
2026-09-22T16:12:25Z,e629761,main,ray/cauchy_n_at,7,floor_subtracted,340
2026-09-22T16:12:25Z,e629761,main,ray/schott_n_at,24,floor_subtracted,340
2026-09-22T16:12:25Z,e629761,main,ray/abbe_number,110,floor_subtracted,340
2026-09-22T16:12:25Z,e629761,main,ray/prism_deviation,119,floor_subtracted,340
2026-09-22T16:12:25Z,e629761,main,ray/prism_dispersion,149,floor_subtracted,340
2026-09-22T16:12:25Z,e629761,main,ray/prism_angular_spread,304,floor_subtracted,340
2026-09-22T16:12:25Z,e629761,main,ray/critical_angle,75,floor_subtracted,340
2026-09-22T16:12:25Z,e629761,main,ray/reflect_2d,23,floor_subtracted,340
2026-09-22T16:12:25Z,e629761,main,ray/reflect_3d,28,floor_subtracted,340
2026-09-22T16:12:25Z,e629761,main,ray/refract_3d,49,floor_subtracted,340
2026-09-22T16:12:25Z,e629761,main,ray/find_system_properties,709,floor_subtracted,340
2026-09-22T16:12:25Z,e629761,main,ray/optical_path_length,567,floor_subtracted,340
2026-09-22T16:33:04Z,204708a,main,ray/fresnel_unpolarized,110,floor_subtracted,340
2026-09-22T16:33:04Z,204708a,main,ray/fiber_na,8,floor_subtracted,340
2026-09-22T16:33:04Z,204708a,main,ray/v_number,8,floor_subtracted,340
2026-09-22T16:33:04Z,204708a,main,ray/sellmeier_n_at,32,floor_subtracted,340
2026-09-22T16:33:04Z,204708a,main,spectral/wavelength_to_rgb,41,floor_subtracted,340
2026-09-22T16:33:04Z,204708a,main,spectral/planck_radiance,106,floor_subtracted,340
2026-09-22T16:33:04Z,204708a,main,spectral/spd_at,30,floor_subtracted,340
2026-09-22T16:33:04Z,204708a,main,wave/single_slit_intensity,109,floor_subtracted,340
2026-09-22T16:33:04Z,204708a,main,wave/malus_law,47,floor_subtracted,340
2026-09-22T16:33:04Z,204708a,main,wave/bessel_j1,47,floor_subtracted,340
2026-09-22T16:33:04Z,204708a,main,wave/airy_pattern,193,floor_subtracted,340
2026-09-22T16:33:04Z,204708a,main,wave/fresnel_integral_c,123,floor_subtracted,340
2026-09-22T16:33:04Z,204708a,main,wave/coating_reflectance,101,floor_subtracted,340
2026-09-22T16:33:04Z,204708a,main,wave/multilayer_rt,870,floor_subtracted,340
2026-09-22T16:33:04Z,204708a,main,wave/zernike_poly,96,floor_subtracted,340
2026-09-22T16:33:04Z,204708a,main,wave/diffraction_pattern_2d_8x8,13290.0000,floor_subtracted,340
2026-09-22T16:33:04Z,204708a,main,pbr/fresnel_schlick,12,floor_subtracted,340
2026-09-22T16:33:04Z,204708a,main,pbr/distribution_ggx,16,floor_subtracted,340
2026-09-22T16:33:04Z,204708a,main,pbr/cook_torrance,75,floor_subtracted,340
2026-09-22T16:33:04Z,204708a,main,pbr/iridescence_fresnel,110,floor_subtracted,340
2026-09-22T16:33:04Z,204708a,main,pbr/henyey_greenstein,17,floor_subtracted,340
2026-09-22T16:33:04Z,204708a,main,lens/mtf_diffraction_limited,94,floor_subtracted,340
2026-09-22T16:33:04Z,204708a,main,lens/seidel_coefficients,58,floor_subtracted,340
2026-09-22T16:33:04Z,204708a,main,atmosphere/rayleigh_cross_section,8,floor_subtracted,340
2026-09-22T16:33:04Z,204708a,main,atmosphere/mie_phase_cornette_shanks,20,floor_subtracted,340
2026-09-22T16:33:04Z,204708a,main,atmosphere/sky_color_rgb,825,floor_subtracted,340
2026-09-22T16:33:04Z,204708a,main,bridge/stellar_temperature_to_rgb,105,floor_subtracted,340
2026-09-22T16:33:04Z,204708a,main,serialize/rgb_to_json,2269.0000,floor_subtracted,340
2026-09-22T16:33:04Z,204708a,main,serialize/prescription_to_json,19969.0000,floor_subtracted,340
2026-09-22T16:33:04Z,204708a,main,serialize/spd_to_json,65881.0000,floor_subtracted,340
2026-09-22T16:33:04Z,204708a,main,spectral/spd_to_xyz,1396.0000,floor_subtracted,340
2026-09-22T16:33:04Z,204708a,main,spectral/spd_blackbody,9088.0000,floor_subtracted,340
2026-09-22T16:33:04Z,204708a,main,spectral/luminous_flux,2518.0000,floor_subtracted,340
2026-09-22T16:33:04Z,204708a,main,spectral/color_rendering_index,274704.0000,floor_subtracted,340
2026-09-22T16:33:04Z,204708a,main,ray/trace_surface,136,floor_subtracted,340
2026-09-22T16:33:04Z,204708a,main,ray/trace_sequential,448,floor_subtracted,340
2026-09-22T16:33:04Z,204708a,main,ray/spot_diagram,14602.0000,floor_subtracted,340
2026-09-22T16:33:04Z,204708a,main,wave/interference_pattern_16x16,90722.0000,floor_subtracted,340
2026-09-22T16:33:04Z,204708a,main,wave/pattern2d_normalized_64x64,11299.0000,floor_subtracted,340
2026-09-22T16:33:04Z,204708a,main,spectral/wavelength_to_frequency,11,floor_subtracted,340
2026-09-22T16:33:04Z,204708a,main,spectral/frequency_to_wavelength,8,floor_subtracted,340
2026-09-22T16:33:04Z,204708a,main,spectral/photon_energy,16,floor_subtracted,340
2026-09-22T16:33:04Z,204708a,main,spectral/photon_energy_ev,26,floor_subtracted,340
2026-09-22T16:33:04Z,204708a,main,spectral/wien_peak,8,floor_subtracted,340
2026-09-22T16:33:04Z,204708a,main,spectral/rgb_luminance,17,floor_subtracted,340
2026-09-22T16:33:04Z,204708a,main,spectral/rgb_to_u8,69,floor_subtracted,340
2026-09-22T16:33:04Z,204708a,main,spectral/xyz_to_xyy,25,floor_subtracted,340
2026-09-22T16:33:04Z,204708a,main,spectral/cct_from_xy,31,floor_subtracted,340
2026-09-22T16:33:04Z,204708a,main,spectral/linear_srgb_to_xyz,54,floor_subtracted,340
2026-09-22T16:33:04Z,204708a,main,spectral/xyz_to_linear_srgb,53,floor_subtracted,340
2026-09-22T16:33:04Z,204708a,main,spectral/cie_cmf_at,62,floor_subtracted,340
2026-09-22T16:33:04Z,204708a,main,spectral/linear_to_srgb_gamma,119,floor_subtracted,340
2026-09-22T16:33:04Z,204708a,main,spectral/xyz_to_srgb,440,floor_subtracted,340
2026-09-22T16:33:04Z,204708a,main,spectral/spd_to_srgb,1872.0000,floor_subtracted,340
2026-09-22T16:33:04Z,204708a,main,spectral/cri_special,247588.0000,floor_subtracted,340
2026-09-22T16:33:04Z,204708a,main,pbr/distribution_beckmann,58,floor_subtracted,340
2026-09-22T16:33:04Z,204708a,main,pbr/fresnel_schlick_rgb,23,floor_subtracted,340
2026-09-22T16:33:04Z,204708a,main,pbr/geometry_schlick_ggx,18,floor_subtracted,340
2026-09-22T16:33:04Z,204708a,main,pbr/geometry_smith,38,floor_subtracted,340
2026-09-22T16:33:04Z,204708a,main,pbr/ior_to_f0,6,floor_subtracted,340
2026-09-22T16:33:04Z,204708a,main,pbr/lambert_diffuse,7,floor_subtracted,340
2026-09-22T16:33:04Z,204708a,main,pbr/lambert_diffuse_rgb,13,floor_subtracted,340
2026-09-22T16:33:04Z,204708a,main,pbr/clearcoat_blend,29,floor_subtracted,340
2026-09-22T16:33:04Z,204708a,main,pbr/clearcoat_brdf,57,floor_subtracted,340
2026-09-22T16:33:04Z,204708a,main,pbr/geometry_ggx_aniso,26,floor_subtracted,340
2026-09-22T16:33:04Z,204708a,main,pbr/iridescence_rgb,322,floor_subtracted,340
2026-09-22T16:33:04Z,204708a,main,pbr/phase_rayleigh,8,floor_subtracted,340
2026-09-22T16:33:04Z,204708a,main,pbr/sample_cosine_pdf,8,floor_subtracted,340
2026-09-22T16:33:04Z,204708a,main,pbr/sample_ggx,89,floor_subtracted,340
2026-09-22T16:33:04Z,204708a,main,pbr/sample_ggx_pdf,32,floor_subtracted,340
2026-09-22T16:33:04Z,204708a,main,pbr/sheen_ashikhmin,14,floor_subtracted,340
2026-09-22T16:33:04Z,204708a,main,pbr/sheen_charlie,138,floor_subtracted,340
2026-09-22T16:33:04Z,204708a,main,pbr/single_scatter_inscattering,52,floor_subtracted,340
2026-09-22T16:33:04Z,204708a,main,pbr/split_sum_scale_bias,97,floor_subtracted,340
2026-09-22T16:33:04Z,204708a,main,pbr/subsurface_diffuse,41,floor_subtracted,340
2026-09-22T16:33:04Z,204708a,main,pbr/volume_transmittance,38,floor_subtracted,340
2026-09-22T16:33:04Z,204708a,main,lens/magnification,5,floor_subtracted,340
2026-09-22T16:33:04Z,204708a,main,lens/lensmaker_focal_length,13,floor_subtracted,340
2026-09-22T16:33:04Z,204708a,main,lens/optical_power,8,floor_subtracted,340
2026-09-22T16:33:04Z,204708a,main,lens/mirror_focal_length,5,floor_subtracted,340
2026-09-22T16:33:04Z,204708a,main,lens/combined_focal_length,9,floor_subtracted,340
2026-09-22T16:33:04Z,204708a,main,lens/depth_of_field,19,floor_subtracted,340
2026-09-22T16:33:04Z,204708a,main,lens/cardinal_points,52,floor_subtracted,340
2026-09-22T16:33:04Z,204708a,main,lens/f_number,5,floor_subtracted,340
2026-09-22T16:33:04Z,204708a,main,lens/aperture_from_f_number,6,floor_subtracted,340
2026-09-22T16:33:04Z,204708a,main,lens/numerical_aperture,49,floor_subtracted,340
2026-09-22T16:33:04Z,204708a,main,lens/na_from_f_number,6,floor_subtracted,340
2026-09-22T16:33:04Z,204708a,main,lens/diffraction_limit,12,floor_subtracted,340
2026-09-22T16:33:04Z,204708a,main,lens/airy_disk_radius,10,floor_subtracted,340
2026-09-22T16:33:04Z,204708a,main,lens/field_of_view,64,floor_subtracted,340
2026-09-22T16:33:04Z,204708a,main,lens/field_of_view_diagonal,94,floor_subtracted,340
2026-09-22T16:33:04Z,204708a,main,lens/mtf_cutoff_frequency,6,floor_subtracted,340
2026-09-22T16:33:04Z,204708a,main,lens/shape_factor,8,floor_subtracted,340
2026-09-22T16:33:04Z,204708a,main,lens/conjugate_factor,8,floor_subtracted,340
2026-09-22T16:33:04Z,204708a,main,lens/chromatic_aberration,6,floor_subtracted,340
2026-09-22T16:33:04Z,204708a,main,lens/petzval_sum,17,floor_subtracted,340
2026-09-22T16:33:04Z,204708a,main,wave/double_slit_intensity,149,floor_subtracted,340
2026-09-22T16:33:04Z,204708a,main,wave/is_constructive,15,floor_subtracted,340
2026-09-22T16:33:04Z,204708a,main,wave/is_destructive,16,floor_subtracted,340
2026-09-22T16:33:04Z,204708a,main,wave/path_to_phase,6,floor_subtracted,340
2026-09-22T16:33:04Z,204708a,main,wave/thin_film_reflectance,53,floor_subtracted,340
2026-09-22T16:33:04Z,204708a,main,wave/polarization_intensity,7,floor_subtracted,340
2026-09-22T16:33:04Z,204708a,main,wave/polarization_through_polarizer,99,floor_subtracted,340
2026-09-22T16:33:04Z,204708a,main,wave/mueller_polarizer,125,floor_subtracted,340
2026-09-22T16:33:04Z,204708a,main,wave/mueller_retarder,128,floor_subtracted,340
2026-09-22T16:33:04Z,204708a,main,wave/mueller_multiply,822,floor_subtracted,340
2026-09-22T16:33:04Z,204708a,main,wave/mueller_apply,130,floor_subtracted,340
2026-09-22T16:33:04Z,204708a,main,wave/fraunhofer_rect,224,floor_subtracted,340
2026-09-22T16:33:04Z,204708a,main,wave/fresnel_integral_s,121,floor_subtracted,340
2026-09-22T16:33:04Z,204708a,main,wave/fresnel_edge_intensity,137,floor_subtracted,340
2026-09-22T16:33:04Z,204708a,main,wave/coherence_length,6,floor_subtracted,340
2026-09-22T16:33:04Z,204708a,main,wave/coherence_time,9,floor_subtracted,340
2026-09-22T16:33:04Z,204708a,main,ray/beer_lambert,41,floor_subtracted,340
2026-09-22T16:33:04Z,204708a,main,ray/brewster_angle,53,floor_subtracted,340
2026-09-22T16:33:04Z,204708a,main,ray/fresnel_normal,7,floor_subtracted,340
2026-09-22T16:33:04Z,204708a,main,ray/fresnel_p,12,floor_subtracted,340
2026-09-22T16:33:04Z,204708a,main,ray/fresnel_s,12,floor_subtracted,340
2026-09-22T16:33:04Z,204708a,main,ray/snell_3d,87,floor_subtracted,340
2026-09-22T16:33:04Z,204708a,main,atmosphere/king_factor,19,floor_subtracted,340
2026-09-22T16:33:04Z,204708a,main,atmosphere/optical_depth_rayleigh,16,floor_subtracted,340
2026-09-22T16:33:04Z,204708a,main,atmosphere/rayleigh_scattering_coefficient,12,floor_subtracted,340
2026-09-22T16:33:04Z,204708a,main,atmosphere/air_mass,162,floor_subtracted,340
2026-09-22T16:33:04Z,204708a,main,atmosphere/atmospheric_transmittance,216,floor_subtracted,340
2026-09-22T16:33:04Z,204708a,main,atmosphere/scattering_angle,242,floor_subtracted,340
2026-09-22T16:33:04Z,204708a,main,atmosphere/sunlight_color,691,floor_subtracted,340
2026-09-22T16:33:04Z,204708a,main,atmosphere/sunset_gradient,636,floor_subtracted,340
2026-09-22T16:33:04Z,204708a,main,ray/cauchy_n_at,7,floor_subtracted,340
2026-09-22T16:33:04Z,204708a,main,ray/schott_n_at,24,floor_subtracted,340
2026-09-22T16:33:04Z,204708a,main,ray/abbe_number,111,floor_subtracted,340
2026-09-22T16:33:04Z,204708a,main,ray/prism_deviation,119,floor_subtracted,340
2026-09-22T16:33:04Z,204708a,main,ray/prism_dispersion,146,floor_subtracted,340
2026-09-22T16:33:04Z,204708a,main,ray/prism_angular_spread,309,floor_subtracted,340
2026-09-22T16:33:04Z,204708a,main,ray/critical_angle,77,floor_subtracted,340
2026-09-22T16:33:04Z,204708a,main,ray/reflect_2d,24,floor_subtracted,340
2026-09-22T16:33:04Z,204708a,main,ray/reflect_3d,29,floor_subtracted,340
2026-09-22T16:33:04Z,204708a,main,ray/refract_3d,50,floor_subtracted,340
2026-09-22T16:33:04Z,204708a,main,ray/find_system_properties,693,floor_subtracted,340
2026-09-22T16:33:04Z,204708a,main,ray/optical_path_length,568,floor_subtracted,340
2026-09-22T16:58:23Z,b613d5a,main,ray/fresnel_unpolarized,111,floor_subtracted,337
2026-09-22T16:58:23Z,b613d5a,main,ray/fiber_na,8,floor_subtracted,337
2026-09-22T16:58:23Z,b613d5a,main,ray/v_number,8,floor_subtracted,337
2026-09-22T16:58:23Z,b613d5a,main,ray/sellmeier_n_at,32,floor_subtracted,337
2026-09-22T16:58:23Z,b613d5a,main,spectral/wavelength_to_rgb,40,floor_subtracted,337
2026-09-22T16:58:23Z,b613d5a,main,spectral/planck_radiance,106,floor_subtracted,337
2026-09-22T16:58:23Z,b613d5a,main,spectral/spd_at,30,floor_subtracted,337
2026-09-22T16:58:23Z,b613d5a,main,wave/single_slit_intensity,108,floor_subtracted,337
2026-09-22T16:58:23Z,b613d5a,main,wave/malus_law,48,floor_subtracted,337
2026-09-22T16:58:23Z,b613d5a,main,wave/bessel_j1,47,floor_subtracted,337
2026-09-22T16:58:23Z,b613d5a,main,wave/airy_pattern,193,floor_subtracted,337
2026-09-22T16:58:23Z,b613d5a,main,wave/fresnel_integral_c,122,floor_subtracted,337
2026-09-22T16:58:23Z,b613d5a,main,wave/coating_reflectance,101,floor_subtracted,337
2026-09-22T16:58:23Z,b613d5a,main,wave/multilayer_rt,857,floor_subtracted,337
2026-09-22T16:58:23Z,b613d5a,main,wave/zernike_poly,97,floor_subtracted,337
2026-09-22T16:58:23Z,b613d5a,main,wave/diffraction_pattern_2d_8x8,13267.0000,floor_subtracted,337
2026-09-22T16:58:23Z,b613d5a,main,pbr/fresnel_schlick,12,floor_subtracted,337
2026-09-22T16:58:23Z,b613d5a,main,pbr/distribution_ggx,16,floor_subtracted,337
2026-09-22T16:58:23Z,b613d5a,main,pbr/cook_torrance,75,floor_subtracted,337
2026-09-22T16:58:23Z,b613d5a,main,pbr/iridescence_fresnel,109,floor_subtracted,337
2026-09-22T16:58:23Z,b613d5a,main,pbr/henyey_greenstein,17,floor_subtracted,337
2026-09-22T16:58:23Z,b613d5a,main,lens/mtf_diffraction_limited,91,floor_subtracted,337
2026-09-22T16:58:23Z,b613d5a,main,lens/seidel_coefficients,58,floor_subtracted,337
2026-09-22T16:58:23Z,b613d5a,main,atmosphere/rayleigh_cross_section,8,floor_subtracted,337
2026-09-22T16:58:23Z,b613d5a,main,atmosphere/mie_phase_cornette_shanks,20,floor_subtracted,337
2026-09-22T16:58:23Z,b613d5a,main,atmosphere/sky_color_rgb,821,floor_subtracted,337
2026-09-22T16:58:23Z,b613d5a,main,bridge/stellar_temperature_to_rgb,104,floor_subtracted,337
2026-09-22T16:58:23Z,b613d5a,main,serialize/rgb_to_json,2217.0000,floor_subtracted,337
2026-09-22T16:58:23Z,b613d5a,main,serialize/prescription_to_json,20151.0000,floor_subtracted,337
2026-09-22T16:58:23Z,b613d5a,main,serialize/spd_to_json,65488.0000,floor_subtracted,337
2026-09-22T16:58:23Z,b613d5a,main,spectral/spd_to_xyz,1383.0000,floor_subtracted,337
2026-09-22T16:58:23Z,b613d5a,main,spectral/spd_blackbody,9023.0000,floor_subtracted,337
2026-09-22T16:58:23Z,b613d5a,main,spectral/luminous_flux,2463.0000,floor_subtracted,337
2026-09-22T16:58:23Z,b613d5a,main,spectral/color_rendering_index,272395.0000,floor_subtracted,337
2026-09-22T16:58:23Z,b613d5a,main,ray/trace_surface,134,floor_subtracted,337
2026-09-22T16:58:23Z,b613d5a,main,ray/trace_sequential,443,floor_subtracted,337
2026-09-22T16:58:23Z,b613d5a,main,ray/spot_diagram,14410.0000,floor_subtracted,337
2026-09-22T16:58:23Z,b613d5a,main,wave/interference_pattern_16x16,89132.0000,floor_subtracted,337
2026-09-22T16:58:23Z,b613d5a,main,wave/pattern2d_normalized_64x64,11300.0000,floor_subtracted,337
2026-09-22T16:58:23Z,b613d5a,main,spectral/wavelength_to_frequency,11,floor_subtracted,337
2026-09-22T16:58:23Z,b613d5a,main,spectral/frequency_to_wavelength,8,floor_subtracted,337
2026-09-22T16:58:23Z,b613d5a,main,spectral/photon_energy,16,floor_subtracted,337
2026-09-22T16:58:23Z,b613d5a,main,spectral/photon_energy_ev,25,floor_subtracted,337
2026-09-22T16:58:23Z,b613d5a,main,spectral/wien_peak,8,floor_subtracted,337
2026-09-22T16:58:23Z,b613d5a,main,spectral/rgb_luminance,17,floor_subtracted,337
2026-09-22T16:58:23Z,b613d5a,main,spectral/rgb_to_u8,68,floor_subtracted,337
2026-09-22T16:58:23Z,b613d5a,main,spectral/xyz_to_xyy,25,floor_subtracted,337
2026-09-22T16:58:23Z,b613d5a,main,spectral/cct_from_xy,31,floor_subtracted,337
2026-09-22T16:58:23Z,b613d5a,main,spectral/linear_srgb_to_xyz,53,floor_subtracted,337
2026-09-22T16:58:23Z,b613d5a,main,spectral/xyz_to_linear_srgb,52,floor_subtracted,337
2026-09-22T16:58:23Z,b613d5a,main,spectral/cie_cmf_at,61,floor_subtracted,337
2026-09-22T16:58:23Z,b613d5a,main,spectral/linear_to_srgb_gamma,119,floor_subtracted,337
2026-09-22T16:58:23Z,b613d5a,main,spectral/xyz_to_srgb,436,floor_subtracted,337
2026-09-22T16:58:23Z,b613d5a,main,spectral/spd_to_srgb,1840.0000,floor_subtracted,337
2026-09-22T16:58:23Z,b613d5a,main,spectral/cri_special,248684.0000,floor_subtracted,337
2026-09-22T16:58:23Z,b613d5a,main,pbr/distribution_beckmann,58,floor_subtracted,337
2026-09-22T16:58:23Z,b613d5a,main,pbr/fresnel_schlick_rgb,23,floor_subtracted,337
2026-09-22T16:58:23Z,b613d5a,main,pbr/geometry_schlick_ggx,18,floor_subtracted,337
2026-09-22T16:58:23Z,b613d5a,main,pbr/geometry_smith,38,floor_subtracted,337
2026-09-22T16:58:23Z,b613d5a,main,pbr/ior_to_f0,6,floor_subtracted,337
2026-09-22T16:58:23Z,b613d5a,main,pbr/lambert_diffuse,6,floor_subtracted,337
2026-09-22T16:58:23Z,b613d5a,main,pbr/lambert_diffuse_rgb,13,floor_subtracted,337
2026-09-22T16:58:23Z,b613d5a,main,pbr/clearcoat_blend,29,floor_subtracted,337
2026-09-22T16:58:23Z,b613d5a,main,pbr/clearcoat_brdf,56,floor_subtracted,337
2026-09-22T16:58:23Z,b613d5a,main,pbr/geometry_ggx_aniso,26,floor_subtracted,337
2026-09-22T16:58:23Z,b613d5a,main,pbr/iridescence_rgb,318,floor_subtracted,337
2026-09-22T16:58:23Z,b613d5a,main,pbr/phase_rayleigh,8,floor_subtracted,337
2026-09-22T16:58:23Z,b613d5a,main,pbr/sample_cosine_pdf,9,floor_subtracted,337
2026-09-22T16:58:23Z,b613d5a,main,pbr/sample_ggx,88,floor_subtracted,337
2026-09-22T16:58:23Z,b613d5a,main,pbr/sample_ggx_pdf,31,floor_subtracted,337
2026-09-22T16:58:23Z,b613d5a,main,pbr/sheen_ashikhmin,13,floor_subtracted,337
2026-09-22T16:58:23Z,b613d5a,main,pbr/sheen_charlie,135,floor_subtracted,337
2026-09-22T16:58:23Z,b613d5a,main,pbr/single_scatter_inscattering,52,floor_subtracted,337
2026-09-22T16:58:23Z,b613d5a,main,pbr/split_sum_scale_bias,97,floor_subtracted,337
2026-09-22T16:58:23Z,b613d5a,main,pbr/subsurface_diffuse,41,floor_subtracted,337
2026-09-22T16:58:23Z,b613d5a,main,pbr/volume_transmittance,38,floor_subtracted,337
2026-09-22T16:58:23Z,b613d5a,main,lens/magnification,5,floor_subtracted,337
2026-09-22T16:58:23Z,b613d5a,main,lens/lensmaker_focal_length,13,floor_subtracted,337
2026-09-22T16:58:23Z,b613d5a,main,lens/optical_power,8,floor_subtracted,337
2026-09-22T16:58:23Z,b613d5a,main,lens/mirror_focal_length,5,floor_subtracted,337
2026-09-22T16:58:23Z,b613d5a,main,lens/combined_focal_length,9,floor_subtracted,337
2026-09-22T16:58:23Z,b613d5a,main,lens/depth_of_field,19,floor_subtracted,337
2026-09-22T16:58:23Z,b613d5a,main,lens/cardinal_points,51,floor_subtracted,337
2026-09-22T16:58:23Z,b613d5a,main,lens/f_number,5,floor_subtracted,337
2026-09-22T16:58:23Z,b613d5a,main,lens/aperture_from_f_number,6,floor_subtracted,337
2026-09-22T16:58:23Z,b613d5a,main,lens/numerical_aperture,48,floor_subtracted,337
2026-09-22T16:58:23Z,b613d5a,main,lens/na_from_f_number,6,floor_subtracted,337
2026-09-22T16:58:23Z,b613d5a,main,lens/diffraction_limit,12,floor_subtracted,337
2026-09-22T16:58:23Z,b613d5a,main,lens/airy_disk_radius,10,floor_subtracted,337
2026-09-22T16:58:23Z,b613d5a,main,lens/field_of_view,64,floor_subtracted,337
2026-09-22T16:58:23Z,b613d5a,main,lens/field_of_view_diagonal,96,floor_subtracted,337
2026-09-22T16:58:23Z,b613d5a,main,lens/mtf_cutoff_frequency,6,floor_subtracted,337
2026-09-22T16:58:23Z,b613d5a,main,lens/shape_factor,8,floor_subtracted,337
2026-09-22T16:58:23Z,b613d5a,main,lens/conjugate_factor,8,floor_subtracted,337
2026-09-22T16:58:23Z,b613d5a,main,lens/chromatic_aberration,6,floor_subtracted,337
2026-09-22T16:58:23Z,b613d5a,main,lens/petzval_sum,16,floor_subtracted,337
2026-09-22T16:58:23Z,b613d5a,main,wave/double_slit_intensity,147,floor_subtracted,337
2026-09-22T16:58:23Z,b613d5a,main,wave/is_constructive,15,floor_subtracted,337
2026-09-22T16:58:23Z,b613d5a,main,wave/is_destructive,15,floor_subtracted,337
2026-09-22T16:58:23Z,b613d5a,main,wave/path_to_phase,6,floor_subtracted,337
2026-09-22T16:58:23Z,b613d5a,main,wave/thin_film_reflectance,52,floor_subtracted,337
2026-09-22T16:58:23Z,b613d5a,main,wave/polarization_intensity,7,floor_subtracted,337
2026-09-22T16:58:23Z,b613d5a,main,wave/polarization_through_polarizer,99,floor_subtracted,337
2026-09-22T16:58:23Z,b613d5a,main,wave/mueller_polarizer,123,floor_subtracted,337
2026-09-22T16:58:23Z,b613d5a,main,wave/mueller_retarder,127,floor_subtracted,337
2026-09-22T16:58:23Z,b613d5a,main,wave/mueller_multiply,832,floor_subtracted,337
2026-09-22T16:58:23Z,b613d5a,main,wave/mueller_apply,129,floor_subtracted,337
2026-09-22T16:58:23Z,b613d5a,main,wave/fraunhofer_rect,221,floor_subtracted,337
2026-09-22T16:58:23Z,b613d5a,main,wave/fresnel_integral_s,120,floor_subtracted,337
2026-09-22T16:58:23Z,b613d5a,main,wave/fresnel_edge_intensity,137,floor_subtracted,337
2026-09-22T16:58:23Z,b613d5a,main,wave/coherence_length,6,floor_subtracted,337
2026-09-22T16:58:23Z,b613d5a,main,wave/coherence_time,9,floor_subtracted,337
2026-09-22T16:58:23Z,b613d5a,main,ray/beer_lambert,40,floor_subtracted,337
2026-09-22T16:58:23Z,b613d5a,main,ray/brewster_angle,53,floor_subtracted,337
2026-09-22T16:58:23Z,b613d5a,main,ray/fresnel_normal,6,floor_subtracted,337
2026-09-22T16:58:23Z,b613d5a,main,ray/fresnel_p,12,floor_subtracted,337
2026-09-22T16:58:23Z,b613d5a,main,ray/fresnel_s,12,floor_subtracted,337
2026-09-22T16:58:23Z,b613d5a,main,ray/snell_3d,84,floor_subtracted,337
2026-09-22T16:58:23Z,b613d5a,main,atmosphere/king_factor,19,floor_subtracted,337
2026-09-22T16:58:23Z,b613d5a,main,atmosphere/optical_depth_rayleigh,16,floor_subtracted,337
2026-09-22T16:58:23Z,b613d5a,main,atmosphere/rayleigh_scattering_coefficient,11,floor_subtracted,337
2026-09-22T16:58:23Z,b613d5a,main,atmosphere/air_mass,156,floor_subtracted,337
2026-09-22T16:58:23Z,b613d5a,main,atmosphere/atmospheric_transmittance,215,floor_subtracted,337
2026-09-22T16:58:23Z,b613d5a,main,atmosphere/scattering_angle,240,floor_subtracted,337
2026-09-22T16:58:23Z,b613d5a,main,atmosphere/sunlight_color,675,floor_subtracted,337
2026-09-22T16:58:23Z,b613d5a,main,atmosphere/sunset_gradient,632,floor_subtracted,337
2026-09-22T16:58:23Z,b613d5a,main,ray/cauchy_n_at,7,floor_subtracted,337
2026-09-22T16:58:23Z,b613d5a,main,ray/schott_n_at,24,floor_subtracted,337
2026-09-22T16:58:23Z,b613d5a,main,ray/abbe_number,111,floor_subtracted,337
2026-09-22T16:58:23Z,b613d5a,main,ray/prism_deviation,118,floor_subtracted,337
2026-09-22T16:58:23Z,b613d5a,main,ray/prism_dispersion,144,floor_subtracted,337
2026-09-22T16:58:23Z,b613d5a,main,ray/prism_angular_spread,307,floor_subtracted,337
2026-09-22T16:58:23Z,b613d5a,main,ray/critical_angle,76,floor_subtracted,337
2026-09-22T16:58:23Z,b613d5a,main,ray/reflect_2d,23,floor_subtracted,337
2026-09-22T16:58:23Z,b613d5a,main,ray/reflect_3d,28,floor_subtracted,337
2026-09-22T16:58:23Z,b613d5a,main,ray/refract_3d,49,floor_subtracted,337
2026-09-22T16:58:23Z,b613d5a,main,ray/find_system_properties,682,floor_subtracted,337
2026-09-22T16:58:23Z,b613d5a,main,ray/optical_path_length,565,floor_subtracted,337
2026-09-22T18:04:27Z,fbb0fa2,main,ray/fresnel_unpolarized,116,floor_subtracted,367
2026-09-22T18:04:27Z,fbb0fa2,main,ray/fiber_na,9,floor_subtracted,367
2026-09-22T18:04:27Z,fbb0fa2,main,ray/v_number,8,floor_subtracted,367
2026-09-22T18:04:27Z,fbb0fa2,main,ray/sellmeier_n_at,33,floor_subtracted,367
2026-09-22T18:04:27Z,fbb0fa2,main,spectral/wavelength_to_rgb,41,floor_subtracted,367
2026-09-22T18:04:27Z,fbb0fa2,main,spectral/planck_radiance,111,floor_subtracted,367
2026-09-22T18:04:27Z,fbb0fa2,main,spectral/spd_at,32,floor_subtracted,367
2026-09-22T18:04:27Z,fbb0fa2,main,wave/single_slit_intensity,112,floor_subtracted,367
2026-09-22T18:04:27Z,fbb0fa2,main,wave/malus_law,49,floor_subtracted,367
2026-09-22T18:04:27Z,fbb0fa2,main,wave/bessel_j1,49,floor_subtracted,367
2026-09-22T18:04:27Z,fbb0fa2,main,wave/airy_pattern,199,floor_subtracted,367
2026-09-22T18:04:27Z,fbb0fa2,main,wave/fresnel_integral_c,127,floor_subtracted,367
2026-09-22T18:04:27Z,fbb0fa2,main,wave/coating_reflectance,101,floor_subtracted,367
2026-09-22T18:04:27Z,fbb0fa2,main,wave/multilayer_rt,895,floor_subtracted,367
2026-09-22T18:04:27Z,fbb0fa2,main,wave/zernike_poly,100,floor_subtracted,367
2026-09-22T18:04:27Z,fbb0fa2,main,wave/diffraction_pattern_2d_8x8,13691.0000,floor_subtracted,367
2026-09-22T18:04:27Z,fbb0fa2,main,pbr/fresnel_schlick,12,floor_subtracted,367
2026-09-22T18:04:27Z,fbb0fa2,main,pbr/distribution_ggx,17,floor_subtracted,367
2026-09-22T18:04:27Z,fbb0fa2,main,pbr/cook_torrance,76,floor_subtracted,367
2026-09-22T18:04:27Z,fbb0fa2,main,pbr/iridescence_fresnel,113,floor_subtracted,367
2026-09-22T18:04:27Z,fbb0fa2,main,pbr/henyey_greenstein,17,floor_subtracted,367
2026-09-22T18:04:27Z,fbb0fa2,main,lens/mtf_diffraction_limited,94,floor_subtracted,367
2026-09-22T18:04:27Z,fbb0fa2,main,lens/seidel_coefficients,59,floor_subtracted,367
2026-09-22T18:04:27Z,fbb0fa2,main,atmosphere/rayleigh_cross_section,8,floor_subtracted,367
2026-09-22T18:04:27Z,fbb0fa2,main,atmosphere/mie_phase_cornette_shanks,21,floor_subtracted,367
2026-09-22T18:04:27Z,fbb0fa2,main,atmosphere/sky_color_rgb,848,floor_subtracted,367
2026-09-22T18:04:27Z,fbb0fa2,main,bridge/stellar_temperature_to_rgb,112,floor_subtracted,367
2026-09-22T18:04:27Z,fbb0fa2,main,serialize/rgb_to_json,2268.0000,floor_subtracted,367
2026-09-22T18:04:27Z,fbb0fa2,main,serialize/prescription_to_json,20369.0000,floor_subtracted,367
2026-09-22T18:04:27Z,fbb0fa2,main,serialize/spd_to_json,67301.0000,floor_subtracted,367
2026-09-22T18:04:27Z,fbb0fa2,main,spectral/spd_to_xyz,1480.0000,floor_subtracted,367
2026-09-22T18:04:27Z,fbb0fa2,main,spectral/spd_blackbody,9745.0000,floor_subtracted,367
2026-09-22T18:04:27Z,fbb0fa2,main,spectral/luminous_flux,2640.0000,floor_subtracted,367
2026-09-22T18:04:27Z,fbb0fa2,main,spectral/color_rendering_index,287950.0000,floor_subtracted,367
2026-09-22T18:04:27Z,fbb0fa2,main,ray/trace_surface,137,floor_subtracted,367
2026-09-22T18:04:27Z,fbb0fa2,main,ray/trace_sequential,459,floor_subtracted,367
2026-09-22T18:04:27Z,fbb0fa2,main,ray/spot_diagram,14920.0000,floor_subtracted,367
2026-09-22T18:04:27Z,fbb0fa2,main,wave/interference_pattern_16x16,92917.0000,floor_subtracted,367
2026-09-22T18:04:27Z,fbb0fa2,main,wave/pattern2d_normalized_64x64,11649.0000,floor_subtracted,367
2026-09-22T18:04:27Z,fbb0fa2,main,spectral/wavelength_to_frequency,11,floor_subtracted,367
2026-09-22T18:04:27Z,fbb0fa2,main,spectral/frequency_to_wavelength,8,floor_subtracted,367
2026-09-22T18:04:27Z,fbb0fa2,main,spectral/photon_energy,16,floor_subtracted,367
2026-09-22T18:04:27Z,fbb0fa2,main,spectral/photon_energy_ev,27,floor_subtracted,367
2026-09-22T18:04:27Z,fbb0fa2,main,spectral/wien_peak,8,floor_subtracted,367
2026-09-22T18:04:27Z,fbb0fa2,main,spectral/rgb_luminance,17,floor_subtracted,367
2026-09-22T18:04:27Z,fbb0fa2,main,spectral/rgb_to_u8,70,floor_subtracted,367
2026-09-22T18:04:27Z,fbb0fa2,main,spectral/xyz_to_xyy,25,floor_subtracted,367
2026-09-22T18:04:27Z,fbb0fa2,main,spectral/cct_from_xy,33,floor_subtracted,367
2026-09-22T18:04:27Z,fbb0fa2,main,spectral/linear_srgb_to_xyz,55,floor_subtracted,367
2026-09-22T18:04:27Z,fbb0fa2,main,spectral/xyz_to_linear_srgb,56,floor_subtracted,367
2026-09-22T18:04:27Z,fbb0fa2,main,spectral/cie_cmf_at,63,floor_subtracted,367
2026-09-22T18:04:27Z,fbb0fa2,main,spectral/linear_to_srgb_gamma,123,floor_subtracted,367
2026-09-22T18:04:27Z,fbb0fa2,main,spectral/xyz_to_srgb,453,floor_subtracted,367
2026-09-22T18:04:27Z,fbb0fa2,main,spectral/spd_to_srgb,1922.0000,floor_subtracted,367
2026-09-22T18:04:27Z,fbb0fa2,main,spectral/cri_special,254511.0000,floor_subtracted,367
2026-09-22T18:04:27Z,fbb0fa2,main,pbr/distribution_beckmann,60,floor_subtracted,367
2026-09-22T18:04:27Z,fbb0fa2,main,pbr/fresnel_schlick_rgb,23,floor_subtracted,367
2026-09-22T18:04:27Z,fbb0fa2,main,pbr/geometry_schlick_ggx,18,floor_subtracted,367
2026-09-22T18:04:27Z,fbb0fa2,main,pbr/geometry_smith,39,floor_subtracted,367
2026-09-22T18:04:27Z,fbb0fa2,main,pbr/ior_to_f0,7,floor_subtracted,367
2026-09-22T18:04:27Z,fbb0fa2,main,pbr/lambert_diffuse,7,floor_subtracted,367
2026-09-22T18:04:27Z,fbb0fa2,main,pbr/lambert_diffuse_rgb,14,floor_subtracted,367
2026-09-22T18:04:27Z,fbb0fa2,main,pbr/clearcoat_blend,31,floor_subtracted,367
2026-09-22T18:04:27Z,fbb0fa2,main,pbr/clearcoat_brdf,60,floor_subtracted,367
2026-09-22T18:04:27Z,fbb0fa2,main,pbr/geometry_ggx_aniso,26,floor_subtracted,367
2026-09-22T18:04:27Z,fbb0fa2,main,pbr/iridescence_rgb,328,floor_subtracted,367
2026-09-22T18:04:27Z,fbb0fa2,main,pbr/phase_rayleigh,8,floor_subtracted,367
2026-09-22T18:04:27Z,fbb0fa2,main,pbr/sample_cosine_pdf,9,floor_subtracted,367
2026-09-22T18:04:27Z,fbb0fa2,main,pbr/sample_ggx,100,floor_subtracted,367
2026-09-22T18:04:27Z,fbb0fa2,main,pbr/sample_ggx_pdf,33,floor_subtracted,367
2026-09-22T18:04:27Z,fbb0fa2,main,pbr/sheen_ashikhmin,13,floor_subtracted,367
2026-09-22T18:04:27Z,fbb0fa2,main,pbr/sheen_charlie,141,floor_subtracted,367
2026-09-22T18:04:27Z,fbb0fa2,main,pbr/single_scatter_inscattering,54,floor_subtracted,367
2026-09-22T18:04:27Z,fbb0fa2,main,pbr/split_sum_scale_bias,99,floor_subtracted,367
2026-09-22T18:04:27Z,fbb0fa2,main,pbr/subsurface_diffuse,43,floor_subtracted,367
2026-09-22T18:04:27Z,fbb0fa2,main,pbr/volume_transmittance,39,floor_subtracted,367
2026-09-22T18:04:27Z,fbb0fa2,main,lens/magnification,5,floor_subtracted,367
2026-09-22T18:04:27Z,fbb0fa2,main,lens/lensmaker_focal_length,13,floor_subtracted,367
2026-09-22T18:04:27Z,fbb0fa2,main,lens/optical_power,8,floor_subtracted,367
2026-09-22T18:04:27Z,fbb0fa2,main,lens/mirror_focal_length,5,floor_subtracted,367
2026-09-22T18:04:27Z,fbb0fa2,main,lens/combined_focal_length,9,floor_subtracted,367
2026-09-22T18:04:27Z,fbb0fa2,main,lens/depth_of_field,19,floor_subtracted,367
2026-09-22T18:04:27Z,fbb0fa2,main,lens/cardinal_points,53,floor_subtracted,367
2026-09-22T18:04:27Z,fbb0fa2,main,lens/f_number,5,floor_subtracted,367
2026-09-22T18:04:27Z,fbb0fa2,main,lens/aperture_from_f_number,6,floor_subtracted,367
2026-09-22T18:04:27Z,fbb0fa2,main,lens/numerical_aperture,50,floor_subtracted,367
2026-09-22T18:04:27Z,fbb0fa2,main,lens/na_from_f_number,5,floor_subtracted,367
2026-09-22T18:04:27Z,fbb0fa2,main,lens/diffraction_limit,10,floor_subtracted,367
2026-09-22T18:04:27Z,fbb0fa2,main,lens/airy_disk_radius,9,floor_subtracted,367
2026-09-22T18:04:27Z,fbb0fa2,main,lens/field_of_view,69,floor_subtracted,367
2026-09-22T18:04:27Z,fbb0fa2,main,lens/field_of_view_diagonal,99,floor_subtracted,367
2026-09-22T18:04:27Z,fbb0fa2,main,lens/mtf_cutoff_frequency,6,floor_subtracted,367
2026-09-22T18:04:27Z,fbb0fa2,main,lens/shape_factor,9,floor_subtracted,367
2026-09-22T18:04:27Z,fbb0fa2,main,lens/conjugate_factor,9,floor_subtracted,367
2026-09-22T18:04:27Z,fbb0fa2,main,lens/chromatic_aberration,5,floor_subtracted,367
2026-09-22T18:04:27Z,fbb0fa2,main,lens/petzval_sum,17,floor_subtracted,367
2026-09-22T18:04:27Z,fbb0fa2,main,wave/double_slit_intensity,153,floor_subtracted,367
2026-09-22T18:04:27Z,fbb0fa2,main,wave/is_constructive,15,floor_subtracted,367
2026-09-22T18:04:27Z,fbb0fa2,main,wave/is_destructive,16,floor_subtracted,367
2026-09-22T18:04:27Z,fbb0fa2,main,wave/path_to_phase,7,floor_subtracted,367
2026-09-22T18:04:27Z,fbb0fa2,main,wave/thin_film_reflectance,55,floor_subtracted,367
2026-09-22T18:04:27Z,fbb0fa2,main,wave/polarization_intensity,8,floor_subtracted,367
2026-09-22T18:04:27Z,fbb0fa2,main,wave/polarization_through_polarizer,100,floor_subtracted,367
2026-09-22T18:04:27Z,fbb0fa2,main,wave/mueller_polarizer,129,floor_subtracted,367
2026-09-22T18:04:27Z,fbb0fa2,main,wave/mueller_retarder,132,floor_subtracted,367
2026-09-22T18:04:27Z,fbb0fa2,main,wave/mueller_multiply,849,floor_subtracted,367
2026-09-22T18:04:27Z,fbb0fa2,main,wave/mueller_apply,135,floor_subtracted,367
2026-09-22T18:04:27Z,fbb0fa2,main,wave/fraunhofer_rect,229,floor_subtracted,367
2026-09-22T18:04:27Z,fbb0fa2,main,wave/fresnel_integral_s,121,floor_subtracted,367
2026-09-22T18:04:27Z,fbb0fa2,main,wave/fresnel_edge_intensity,144,floor_subtracted,367
2026-09-22T18:04:27Z,fbb0fa2,main,wave/coherence_length,7,floor_subtracted,367
2026-09-22T18:04:27Z,fbb0fa2,main,wave/coherence_time,9,floor_subtracted,367
2026-09-22T18:04:27Z,fbb0fa2,main,ray/beer_lambert,42,floor_subtracted,367
2026-09-22T18:04:27Z,fbb0fa2,main,ray/brewster_angle,55,floor_subtracted,367
2026-09-22T18:04:27Z,fbb0fa2,main,ray/fresnel_normal,7,floor_subtracted,367
2026-09-22T18:04:27Z,fbb0fa2,main,ray/fresnel_p,12,floor_subtracted,367
2026-09-22T18:04:27Z,fbb0fa2,main,ray/fresnel_s,12,floor_subtracted,367
2026-09-22T18:04:27Z,fbb0fa2,main,ray/snell_3d,85,floor_subtracted,367
2026-09-22T18:04:27Z,fbb0fa2,main,atmosphere/king_factor,19,floor_subtracted,367
2026-09-22T18:04:27Z,fbb0fa2,main,atmosphere/optical_depth_rayleigh,16,floor_subtracted,367
2026-09-22T18:04:27Z,fbb0fa2,main,atmosphere/rayleigh_scattering_coefficient,12,floor_subtracted,367
2026-09-22T18:04:27Z,fbb0fa2,main,atmosphere/air_mass,170,floor_subtracted,367
2026-09-22T18:04:27Z,fbb0fa2,main,atmosphere/atmospheric_transmittance,228,floor_subtracted,367
2026-09-22T18:04:27Z,fbb0fa2,main,atmosphere/scattering_angle,248,floor_subtracted,367
2026-09-22T18:04:27Z,fbb0fa2,main,atmosphere/sunlight_color,700,floor_subtracted,367
2026-09-22T18:04:27Z,fbb0fa2,main,atmosphere/sunset_gradient,661,floor_subtracted,367
2026-09-22T18:04:27Z,fbb0fa2,main,ray/cauchy_n_at,7,floor_subtracted,367
2026-09-22T18:04:27Z,fbb0fa2,main,ray/schott_n_at,25,floor_subtracted,367
2026-09-22T18:04:27Z,fbb0fa2,main,ray/abbe_number,114,floor_subtracted,367
2026-09-22T18:04:27Z,fbb0fa2,main,ray/prism_deviation,124,floor_subtracted,367
2026-09-22T18:04:27Z,fbb0fa2,main,ray/prism_dispersion,150,floor_subtracted,367
2026-09-22T18:04:27Z,fbb0fa2,main,ray/prism_angular_spread,318,floor_subtracted,367
2026-09-22T18:04:27Z,fbb0fa2,main,ray/critical_angle,79,floor_subtracted,367
2026-09-22T18:04:27Z,fbb0fa2,main,ray/reflect_2d,24,floor_subtracted,367
2026-09-22T18:04:27Z,fbb0fa2,main,ray/reflect_3d,28,floor_subtracted,367
2026-09-22T18:04:27Z,fbb0fa2,main,ray/refract_3d,51,floor_subtracted,367
2026-09-22T18:04:27Z,fbb0fa2,main,ray/find_system_properties,706,floor_subtracted,367
2026-09-22T18:04:27Z,fbb0fa2,main,ray/optical_path_length,588,floor_subtracted,367
2026-09-22T19:04:17Z,19e1982,main,ray/fresnel_unpolarized,112,floor_subtracted,1317.0000
2026-09-22T19:04:17Z,19e1982,main,ray/fiber_na,8,floor_subtracted,1317.0000
2026-09-22T19:04:17Z,19e1982,main,ray/v_number,8,floor_subtracted,1317.0000
2026-09-22T19:04:17Z,19e1982,main,ray/sellmeier_n_at,33,floor_subtracted,1317.0000
2026-09-22T19:04:17Z,19e1982,main,spectral/wavelength_to_rgb,43,floor_subtracted,1317.0000
2026-09-22T19:04:17Z,19e1982,main,spectral/planck_radiance,109,floor_subtracted,1317.0000
2026-09-22T19:04:17Z,19e1982,main,spectral/spd_at,31,floor_subtracted,1317.0000
2026-09-22T19:04:17Z,19e1982,main,wave/single_slit_intensity,111,floor_subtracted,1317.0000
2026-09-22T19:04:17Z,19e1982,main,wave/malus_law,48,floor_subtracted,1317.0000
2026-09-22T19:04:17Z,19e1982,main,wave/bessel_j1,56,floor_subtracted,1317.0000
2026-09-22T19:04:17Z,19e1982,main,wave/airy_pattern,199,floor_subtracted,1317.0000
2026-09-22T19:04:17Z,19e1982,main,wave/fresnel_integral_c,126,floor_subtracted,1317.0000
2026-09-22T19:04:17Z,19e1982,main,wave/coating_reflectance,109,floor_subtracted,1317.0000
2026-09-22T19:04:17Z,19e1982,main,wave/multilayer_rt,888,floor_subtracted,1317.0000
2026-09-22T19:04:17Z,19e1982,main,wave/zernike_poly,102,floor_subtracted,1317.0000
2026-09-22T19:04:17Z,19e1982,main,wave/diffraction_pattern_2d_8x8,14313.0000,floor_subtracted,1317.0000
2026-09-22T19:04:17Z,19e1982,main,pbr/fresnel_schlick,12,floor_subtracted,1317.0000
2026-09-22T19:04:17Z,19e1982,main,pbr/distribution_ggx,16,floor_subtracted,1317.0000
2026-09-22T19:04:17Z,19e1982,main,pbr/cook_torrance,76,floor_subtracted,1317.0000
2026-09-22T19:04:17Z,19e1982,main,pbr/iridescence_fresnel,112,floor_subtracted,1317.0000
2026-09-22T19:04:17Z,19e1982,main,pbr/henyey_greenstein,17,floor_subtracted,1317.0000
2026-09-22T19:04:17Z,19e1982,main,lens/mtf_diffraction_limited,95,floor_subtracted,1317.0000
2026-09-22T19:04:17Z,19e1982,main,lens/seidel_coefficients,60,floor_subtracted,1317.0000
2026-09-22T19:04:17Z,19e1982,main,atmosphere/rayleigh_cross_section,8,floor_subtracted,1317.0000
2026-09-22T19:04:17Z,19e1982,main,atmosphere/mie_phase_cornette_shanks,21,floor_subtracted,1317.0000
2026-09-22T19:04:17Z,19e1982,main,atmosphere/sky_color_rgb,849,floor_subtracted,1317.0000
2026-09-22T19:04:17Z,19e1982,main,bridge/stellar_temperature_to_rgb,109,floor_subtracted,1317.0000
2026-09-22T19:04:17Z,19e1982,main,serialize/rgb_to_json,2273.0000,floor_subtracted,1317.0000
2026-09-22T19:04:17Z,19e1982,main,serialize/prescription_to_json,20348.0000,floor_subtracted,1317.0000
2026-09-22T19:04:17Z,19e1982,main,serialize/spd_to_json,66763.0000,floor_subtracted,1317.0000
2026-09-22T19:04:17Z,19e1982,main,spectral/spd_to_xyz,1431.0000,floor_subtracted,1317.0000
2026-09-22T19:04:17Z,19e1982,main,spectral/spd_blackbody,9330.0000,floor_subtracted,1317.0000
2026-09-22T19:04:17Z,19e1982,main,spectral/luminous_flux,2569.0000,floor_subtracted,1317.0000
2026-09-22T19:04:17Z,19e1982,main,spectral/color_rendering_index,278499.0000,floor_subtracted,1317.0000
2026-09-22T19:04:17Z,19e1982,main,ray/trace_surface,136,floor_subtracted,1317.0000
2026-09-22T19:04:17Z,19e1982,main,ray/trace_sequential,461,floor_subtracted,1317.0000
2026-09-22T19:04:17Z,19e1982,main,ray/spot_diagram,15113.0000,floor_subtracted,1317.0000
2026-09-22T19:04:17Z,19e1982,main,wave/interference_pattern_16x16,90502.0000,floor_subtracted,1317.0000
2026-09-22T19:04:17Z,19e1982,main,wave/pattern2d_normalized_64x64,11581.0000,floor_subtracted,1317.0000
2026-09-22T19:04:17Z,19e1982,main,spectral/wavelength_to_frequency,11,floor_subtracted,1317.0000
2026-09-22T19:04:17Z,19e1982,main,spectral/frequency_to_wavelength,8,floor_subtracted,1317.0000
2026-09-22T19:04:17Z,19e1982,main,spectral/photon_energy,16,floor_subtracted,1317.0000
2026-09-22T19:04:17Z,19e1982,main,spectral/photon_energy_ev,26,floor_subtracted,1317.0000
2026-09-22T19:04:17Z,19e1982,main,spectral/wien_peak,8,floor_subtracted,1317.0000
2026-09-22T19:04:17Z,19e1982,main,spectral/rgb_luminance,17,floor_subtracted,1317.0000
2026-09-22T19:04:17Z,19e1982,main,spectral/rgb_to_u8,71,floor_subtracted,1317.0000
2026-09-22T19:04:17Z,19e1982,main,spectral/xyz_to_xyy,25,floor_subtracted,1317.0000
2026-09-22T19:04:17Z,19e1982,main,spectral/cct_from_xy,32,floor_subtracted,1317.0000
2026-09-22T19:04:17Z,19e1982,main,spectral/linear_srgb_to_xyz,56,floor_subtracted,1317.0000
2026-09-22T19:04:17Z,19e1982,main,spectral/xyz_to_linear_srgb,57,floor_subtracted,1317.0000
2026-09-22T19:04:17Z,19e1982,main,spectral/cie_cmf_at,62,floor_subtracted,1317.0000
2026-09-22T19:04:17Z,19e1982,main,spectral/linear_to_srgb_gamma,121,floor_subtracted,1317.0000
2026-09-22T19:04:17Z,19e1982,main,spectral/xyz_to_srgb,451,floor_subtracted,1317.0000
2026-09-22T19:04:17Z,19e1982,main,spectral/spd_to_srgb,1910.0000,floor_subtracted,1317.0000
2026-09-22T19:04:17Z,19e1982,main,spectral/cri_special,253824.0000,floor_subtracted,1317.0000
2026-09-22T19:04:17Z,19e1982,main,pbr/distribution_beckmann,61,floor_subtracted,1317.0000
2026-09-22T19:04:17Z,19e1982,main,pbr/fresnel_schlick_rgb,24,floor_subtracted,1317.0000
2026-09-22T19:04:17Z,19e1982,main,pbr/geometry_schlick_ggx,18,floor_subtracted,1317.0000
2026-09-22T19:04:17Z,19e1982,main,pbr/geometry_smith,39,floor_subtracted,1317.0000
2026-09-22T19:04:17Z,19e1982,main,pbr/ior_to_f0,7,floor_subtracted,1317.0000
2026-09-22T19:04:17Z,19e1982,main,pbr/lambert_diffuse,7,floor_subtracted,1317.0000
2026-09-22T19:04:17Z,19e1982,main,pbr/lambert_diffuse_rgb,15,floor_subtracted,1317.0000
2026-09-22T19:04:17Z,19e1982,main,pbr/clearcoat_blend,31,floor_subtracted,1317.0000
2026-09-22T19:04:17Z,19e1982,main,pbr/clearcoat_brdf,56,floor_subtracted,1317.0000
2026-09-22T19:04:17Z,19e1982,main,pbr/geometry_ggx_aniso,26,floor_subtracted,1317.0000
2026-09-22T19:04:17Z,19e1982,main,pbr/iridescence_rgb,329,floor_subtracted,1317.0000
2026-09-22T19:04:17Z,19e1982,main,pbr/phase_rayleigh,7,floor_subtracted,1317.0000
2026-09-22T19:04:17Z,19e1982,main,pbr/sample_cosine_pdf,9,floor_subtracted,1317.0000
2026-09-22T19:04:17Z,19e1982,main,pbr/sample_ggx,101,floor_subtracted,1317.0000
2026-09-22T19:04:17Z,19e1982,main,pbr/sample_ggx_pdf,31,floor_subtracted,1317.0000
2026-09-22T19:04:17Z,19e1982,main,pbr/sheen_ashikhmin,13,floor_subtracted,1317.0000
2026-09-22T19:04:17Z,19e1982,main,pbr/sheen_charlie,140,floor_subtracted,1317.0000
2026-09-22T19:04:17Z,19e1982,main,pbr/single_scatter_inscattering,53,floor_subtracted,1317.0000
2026-09-22T19:04:17Z,19e1982,main,pbr/split_sum_scale_bias,100,floor_subtracted,1317.0000
2026-09-22T19:04:17Z,19e1982,main,pbr/subsurface_diffuse,43,floor_subtracted,1317.0000
2026-09-22T19:04:17Z,19e1982,main,pbr/volume_transmittance,39,floor_subtracted,1317.0000
2026-09-22T19:04:17Z,19e1982,main,lens/magnification,5,floor_subtracted,1317.0000
2026-09-22T19:04:17Z,19e1982,main,lens/lensmaker_focal_length,13,floor_subtracted,1317.0000
2026-09-22T19:04:17Z,19e1982,main,lens/optical_power,8,floor_subtracted,1317.0000
2026-09-22T19:04:17Z,19e1982,main,lens/mirror_focal_length,5,floor_subtracted,1317.0000
2026-09-22T19:04:17Z,19e1982,main,lens/combined_focal_length,9,floor_subtracted,1317.0000
2026-09-22T19:04:17Z,19e1982,main,lens/depth_of_field,19,floor_subtracted,1317.0000
2026-09-22T19:04:17Z,19e1982,main,lens/cardinal_points,51,floor_subtracted,1317.0000
2026-09-22T19:04:17Z,19e1982,main,lens/f_number,5,floor_subtracted,1317.0000
2026-09-22T19:04:17Z,19e1982,main,lens/aperture_from_f_number,5,floor_subtracted,1317.0000
2026-09-22T19:04:17Z,19e1982,main,lens/numerical_aperture,50,floor_subtracted,1317.0000
2026-09-22T19:04:17Z,19e1982,main,lens/na_from_f_number,5,floor_subtracted,1317.0000
2026-09-22T19:04:17Z,19e1982,main,lens/diffraction_limit,12,floor_subtracted,1317.0000
2026-09-22T19:04:17Z,19e1982,main,lens/airy_disk_radius,10,floor_subtracted,1317.0000
2026-09-22T19:04:17Z,19e1982,main,lens/field_of_view,66,floor_subtracted,1317.0000
2026-09-22T19:04:17Z,19e1982,main,lens/field_of_view_diagonal,96,floor_subtracted,1317.0000
2026-09-22T19:04:17Z,19e1982,main,lens/mtf_cutoff_frequency,6,floor_subtracted,1317.0000
2026-09-22T19:04:17Z,19e1982,main,lens/shape_factor,8,floor_subtracted,1317.0000
2026-09-22T19:04:17Z,19e1982,main,lens/conjugate_factor,8,floor_subtracted,1317.0000
2026-09-22T19:04:17Z,19e1982,main,lens/chromatic_aberration,5,floor_subtracted,1317.0000
2026-09-22T19:04:17Z,19e1982,main,lens/petzval_sum,17,floor_subtracted,1317.0000
2026-09-22T19:04:17Z,19e1982,main,wave/double_slit_intensity,152,floor_subtracted,1317.0000
2026-09-22T19:04:17Z,19e1982,main,wave/is_constructive,15,floor_subtracted,1317.0000
2026-09-22T19:04:17Z,19e1982,main,wave/is_destructive,16,floor_subtracted,1317.0000
2026-09-22T19:04:17Z,19e1982,main,wave/path_to_phase,6,floor_subtracted,1317.0000
2026-09-22T19:04:17Z,19e1982,main,wave/thin_film_reflectance,54,floor_subtracted,1317.0000
2026-09-22T19:04:17Z,19e1982,main,wave/polarization_intensity,8,floor_subtracted,1317.0000
2026-09-22T19:04:17Z,19e1982,main,wave/polarization_through_polarizer,102,floor_subtracted,1317.0000
2026-09-22T19:04:17Z,19e1982,main,wave/mueller_polarizer,124,floor_subtracted,1317.0000
2026-09-22T19:04:17Z,19e1982,main,wave/mueller_retarder,130,floor_subtracted,1317.0000
2026-09-22T19:04:17Z,19e1982,main,wave/mueller_multiply,841,floor_subtracted,1317.0000
2026-09-22T19:04:17Z,19e1982,main,wave/mueller_apply,133,floor_subtracted,1317.0000
2026-09-22T19:04:17Z,19e1982,main,wave/fraunhofer_rect,228,floor_subtracted,1317.0000
2026-09-22T19:04:17Z,19e1982,main,wave/fresnel_integral_s,124,floor_subtracted,1317.0000
2026-09-22T19:04:17Z,19e1982,main,wave/fresnel_edge_intensity,142,floor_subtracted,1317.0000
2026-09-22T19:04:17Z,19e1982,main,wave/coherence_length,6,floor_subtracted,1317.0000
2026-09-22T19:04:17Z,19e1982,main,wave/coherence_time,11,floor_subtracted,1317.0000
2026-09-22T19:04:17Z,19e1982,main,ray/beer_lambert,42,floor_subtracted,1317.0000
2026-09-22T19:04:17Z,19e1982,main,ray/brewster_angle,57,floor_subtracted,1317.0000
2026-09-22T19:04:17Z,19e1982,main,ray/fresnel_normal,7,floor_subtracted,1317.0000
2026-09-22T19:04:17Z,19e1982,main,ray/fresnel_p,12,floor_subtracted,1317.0000
2026-09-22T19:04:17Z,19e1982,main,ray/fresnel_s,12,floor_subtracted,1317.0000
2026-09-22T19:04:17Z,19e1982,main,ray/snell_3d,87,floor_subtracted,1317.0000
2026-09-22T19:04:17Z,19e1982,main,atmosphere/king_factor,19,floor_subtracted,1317.0000
2026-09-22T19:04:17Z,19e1982,main,atmosphere/optical_depth_rayleigh,16,floor_subtracted,1317.0000
2026-09-22T19:04:17Z,19e1982,main,atmosphere/rayleigh_scattering_coefficient,12,floor_subtracted,1317.0000
2026-09-22T19:04:17Z,19e1982,main,atmosphere/air_mass,172,floor_subtracted,1317.0000
2026-09-22T19:04:17Z,19e1982,main,atmosphere/atmospheric_transmittance,233,floor_subtracted,1317.0000
2026-09-22T19:04:17Z,19e1982,main,atmosphere/scattering_angle,252,floor_subtracted,1317.0000
2026-09-22T19:04:17Z,19e1982,main,atmosphere/sunlight_color,689,floor_subtracted,1317.0000
2026-09-22T19:04:17Z,19e1982,main,atmosphere/sunset_gradient,662,floor_subtracted,1317.0000
2026-09-22T19:04:17Z,19e1982,main,ray/cauchy_n_at,8,floor_subtracted,1317.0000
2026-09-22T19:04:17Z,19e1982,main,ray/schott_n_at,26,floor_subtracted,1317.0000
2026-09-22T19:04:17Z,19e1982,main,ray/abbe_number,115,floor_subtracted,1317.0000
2026-09-22T19:04:17Z,19e1982,main,ray/prism_deviation,122,floor_subtracted,1317.0000
2026-09-22T19:04:17Z,19e1982,main,ray/prism_dispersion,151,floor_subtracted,1317.0000
2026-09-22T19:04:17Z,19e1982,main,ray/prism_angular_spread,317,floor_subtracted,1317.0000
2026-09-22T19:04:17Z,19e1982,main,ray/critical_angle,78,floor_subtracted,1317.0000
2026-09-22T19:04:17Z,19e1982,main,ray/reflect_2d,23,floor_subtracted,1317.0000
2026-09-22T19:04:17Z,19e1982,main,ray/reflect_3d,29,floor_subtracted,1317.0000
2026-09-22T19:04:17Z,19e1982,main,ray/refract_3d,55,floor_subtracted,1317.0000
2026-09-22T19:04:17Z,19e1982,main,ray/find_system_properties,713,floor_subtracted,1317.0000
2026-09-22T19:04:17Z,19e1982,main,ray/optical_path_length,581,floor_subtracted,1317.0000
